id,event_id,event_ts,curr_price,past_prices,past_timestamps,mean,std,z_score,alert_id
3794,de6496b24cf5c80e3d3df5e2ed7ee4f978bf0949b90bd06e16d095b382226109,2026-04-24T21:59:00.000Z,-0.63450469,"[0.43702765, 0.0835068, 0.04583336, 0.15287926, -0.35570031, -0.10073303, 0.01138196, -0.09093442, -0.3241282, -0.35389638, -0.38954864, -0.42671501]","[2026-04-24 20:59:00, 2026-04-24 21:04:00, 2026-04-24 21:09:00, 2026-04-24 21:14:00, 2026-04-24 21:20:00, 2026-04-24 21:25:00, 2026-04-24 21:30:00, 2026-04-24 21:34:00, 2026-04-24 21:39:00, 2026-04-24 21:44:00, 2026-04-24 21:49:00, 2026-04-24 21:54:00]",-0.10925224666666666,0.2564843609325883,2.047892672377733,de6496b24cf5c80e3d3df5e2ed7ee4f978bf0949b90bd06e16d095b382226109
29814,3233aca66ac2507c50457c73f3dec054ec3bcd7f1d68fe18d44b1c4095d2fcb7,2026-04-24T21:49:00.000Z,-0.6170469,"[0.31121132, 0.10300129, 0.15490223, 0.2663724, 0.34050767, 0.05513633, 0.18250877, 0.34406899, 0.12380783, -0.20148359, -0.68235195]","[2026-04-24 20:54:00, 2026-04-24 20:59:00, 2026-04-24 21:04:00, 2026-04-24 21:09:00, 2026-04-24 21:14:00, 2026-04-24 21:19:00, 2026-04-24 21:24:00, 2026-04-24 21:29:00, 2026-04-24 21:34:00, 2026-04-24 21:39:00, 2026-04-24 21:44:00]",0.09069829909090908,0.2866942179141307,2.4686413428222314,3233aca66ac2507c50457c73f3dec054ec3bcd7f1d68fe18d44b1c4095d2fcb7
2563,eaf00f0f0ab7cfee450b029947b0ca3886650e4dc3590de4d10935ea05c71f61,2026-04-24T21:54:00.000Z,0.01975134,"[0.00313657, 0.00422007, -0.00158124, 0.00675726, 0.00771033, -0.00845616, -0.0069103, -0.00505111, -5.4681E-4, 0.0028973, 0.00848617, 2.4288E-4]","[2026-04-24 20:54:00, 2026-04-24 20:59:00, 2026-04-24 21:04:00, 2026-04-24 21:09:00, 2026-04-24 21:15:00, 2026-04-24 21:19:00, 2026-04-24 21:24:00, 2026-04-24 21:29:00, 2026-04-24 21:34:00, 2026-04-24 21:39:00, 2026-04-24 21:44:00, 2026-04-24 21:49:00]",9.087466666666665E-4,0.005407458646558371,3.4845561593570173,eaf00f0f0ab7cfee450b029947b0ca3886650e4dc3590de4d10935ea05c71f61
1975,b520dee80dd906b36220e6c256a329652b48374a67ae4f5e3a8783ab100db54c,2026-04-24T21:50:00.000Z,-0.26229004,"[0.24520681, 0.28211851, 0.27536712, 0.378201, 0.30219544, 0.05164784, 0.10797365, 0.18785826, 0.07071294, -0.21308561, -0.21945083]","[2026-04-24 20:55:00, 2026-04-24 21:00:00, 2026-04-24 21:05:00, 2026-04-24 21:10:00, 2026-04-24 21:15:00, 2026-04-24 21:20:00, 2026-04-24 21:25:00, 2026-04-24 21:31:00, 2026-04-24 21:35:00, 2026-04-24 21:40:00, 2026-04-24 21:45:00]",0.13352228454545456,0.19116227221411417,2.0705567053634883,b520dee80dd906b36220e6c256a329652b48374a67ae4f5e3a8783ab100db54c
36507,32a422dde1e31040e6a834b257935c05ca4626720f4fc541cc0eed647345fdd9,2026-04-24T21:49:00.000Z,-0.78257314,"[0.56660203, 0.56637149, 0.50823122, 0.45062384, 0.48890019, 0.20305803, 0.28313906, 0.18620498, -0.17100521, -0.36176797, -0.74765307]","[2026-04-24 20:54:00, 2026-04-24 20:59:00, 2026-04-24 21:04:00, 2026-04-24 21:09:00, 2026-04-24 21:14:00, 2026-04-24 21:20:00, 2026-04-24 21:24:00, 2026-04-24 21:30:00, 2026-04-24 21:34:00, 2026-04-24 21:39:00, 2026-04-24 21:44:00]",0.17933678090909091,0.41160404546097873,2.336978782197812,32a422dde1e31040e6a834b257935c05ca4626720f4fc541cc0eed647345fdd9
11841,8ae8211ff8eeeed076819dd8f6046936396ae93c5a73f5ade99e85d0077b9907,2026-04-24T22:09:00.000Z,-0.5535028,"[0.21601374, 0.44924313, 0.14337566, 0.36447612, 0.72738818, 0.63395512, 0.13546467, 0.09803352, 0.06481083, -0.02711238, -0.12813837, -0.12801098]","[2026-04-24 21:09:00, 2026-04-24 21:14:00, 2026-04-24 21:19:00, 2026-04-24 21:24:00, 2026-04-24 21:29:00, 2026-04-24 21:34:00, 2026-04-24 21:40:00, 2026-04-24 21:44:00, 2026-04-24 21:49:00, 2026-04-24 21:54:00, 2026-04-24 21:59:00, 2026-04-24 22:04:00]",0.21245826999999998,0.26722559662453377,2.8663461871738884,8ae8211ff8eeeed076819dd8f6046936396ae93c5a73f5ade99e85d0077b9907
34466,be6ca107b5c989395193f72256ff26dca89e0409f8a234f936758aa8d2bc8396,2026-04-24T21:49:00.000Z,-0.92577543,"[0.29280242, 0.3059448, 0.4298642, 0.66277269, 0.69688535, 0.4295826, 0.64110062, 0.65646569, 0.54389713, -0.04473047, -0.64096631]","[2026-04-24 20:54:00, 2026-04-24 20:59:00, 2026-04-24 21:04:00, 2026-04-24 21:09:00, 2026-04-24 21:14:00, 2026-04-24 21:19:00, 2026-04-24 21:24:00, 2026-04-24 21:29:00, 2026-04-24 21:34:00, 2026-04-24 21:39:00, 2026-04-24 21:44:00]",0.36123806545454545,0.3800447736173179,3.3864786067298747,be6ca107b5c989395193f72256ff26dca89e0409f8a234f936758aa8d2bc8396
34466,7834ddb99b2a0d5069033e77d0c06c7d05c067ad047706f374bd7856c1290027,2026-04-24T21:54:00.000Z,-0.96077125,"[0.29280242, 0.3059448, 0.4298642, 0.66277269, 0.69688535, 0.4295826, 0.64110062, 0.65646569, 0.54389713, -0.04473047, -0.64096631, -0.92577543]","[2026-04-24 20:54:00, 2026-04-24 20:59:00, 2026-04-24 21:04:00, 2026-04-24 21:09:00, 2026-04-24 21:14:00, 2026-04-24 21:19:00, 2026-04-24 21:24:00, 2026-04-24 21:29:00, 2026-04-24 21:34:00, 2026-04-24 21:39:00, 2026-04-24 21:44:00, 2026-04-24 21:49:00]",0.25398694083333334,0.508850372750852,2.387260098221672,7834ddb99b2a0d5069033e77d0c06c7d05c067ad047706f374bd7856c1290027
34466,dfc24a281a4541bb7aad5711b7d9f447e004199cdfb8728b10789f034b2fd279,2026-04-24T21:59:00.000Z,-1.2196513,"[0.3059448, 0.4298642, 0.66277269, 0.69688535, 0.4295826, 0.64110062, 0.65646569, 0.54389713, -0.04473047, -0.64096631, -0.92577543, -0.96077125]","[2026-04-24 20:59:00, 2026-04-24 21:04:00, 2026-04-24 21:09:00, 2026-04-24 21:14:00, 2026-04-24 21:19:00, 2026-04-24 21:24:00, 2026-04-24 21:29:00, 2026-04-24 21:34:00, 2026-04-24 21:39:00, 2026-04-24 21:44:00, 2026-04-24 21:49:00, 2026-04-24 21:54:00]",0.14952246833333332,0.608982849428829,2.248296104919038,dfc24a281a4541bb7aad5711b7d9f447e004199cdfb8728b10789f034b2fd279
34466,70324dcb1ed0412e367ac748a7a8224140eecfd7c40fb6de580e0e43e22f4d25,2026-04-24T22:09:00.000Z,-1.75736696,"[0.66277269, 0.69688535, 0.4295826, 0.64110062, 0.65646569, 0.54389713, -0.04473047, -0.64096631, -0.92577543, -0.96077125, -1.2196513, -1.25727553]","[2026-04-24 21:09:00, 2026-04-24 21:14:00, 2026-04-24 21:19:00, 2026-04-24 21:24:00, 2026-04-24 21:29:00, 2026-04-24 21:34:00, 2026-04-24 21:39:00, 2026-04-24 21:44:00, 2026-04-24 21:49:00, 2026-04-24 21:54:00, 2026-04-24 21:59:00, 2026-04-24 22:04:00]",-0.11820551750000001,0.7821359654630526,2.0957499908977555,70324dcb1ed0412e367ac748a7a8224140eecfd7c40fb6de580e0e43e22f4d25
29420,e0c12b90ba3207d5823b0a09338382d2c1c28956de95eee40106100eeda6f5a7,2026-04-24T21:50:00.000Z,-0.50148135,"[0.34819036, 0.51844187, 0.56971127, 0.56984567, 0.70247535, 0.26892207, 0.288029, 0.33897761, 0.15065048, -0.26825354, -0.36054503]","[2026-04-24 20:54:00, 2026-04-24 20:59:00, 2026-04-24 21:04:00, 2026-04-24 21:09:00, 2026-04-24 21:14:00, 2026-04-24 21:19:00, 2026-04-24 21:24:00, 2026-04-24 21:29:00, 2026-04-24 21:34:00, 2026-04-24 21:40:00, 2026-04-24 21:45:00]",0.28422228272727273,0.32178671955201965,2.441690675802601,e0c12b90ba3207d5823b0a09338382d2c1c28956de95eee40106100eeda6f5a7
29420,3b32640fa3519267f852823a884bd4778f82ae189d6eb8a8e8bcd14a23f453cf,2026-04-24T21:54:00.000Z,-0.55117953,"[0.34819036, 0.51844187, 0.56971127, 0.56984567, 0.70247535, 0.26892207, 0.288029, 0.33897761, 0.15065048, -0.26825354, -0.36054503, -0.50148135]","[2026-04-24 20:54:00, 2026-04-24 20:59:00, 2026-04-24 21:04:00, 2026-04-24 21:09:00, 2026-04-24 21:14:00, 2026-04-24 21:19:00, 2026-04-24 21:24:00, 2026-04-24 21:29:00, 2026-04-24 21:34:00, 2026-04-24 21:40:00, 2026-04-24 21:45:00, 2026-04-24 21:50:00]",0.21874698,0.37692833502699247,2.0426336745017175,3b32640fa3519267f852823a884bd4778f82ae189d6eb8a8e8bcd14a23f453cf
29420,369adecf1874e3df341e134bbd309788dbe105bab9d48d165590d8e75729be81,2026-04-24T21:59:00.000Z,-0.76133806,"[0.51844187, 0.56971127, 0.56984567, 0.70247535, 0.26892207, 0.288029, 0.33897761, 0.15065048, -0.26825354, -0.36054503, -0.50148135, -0.55117953]","[2026-04-24 20:59:00, 2026-04-24 21:04:00, 2026-04-24 21:09:00, 2026-04-24 21:14:00, 2026-04-24 21:19:00, 2026-04-24 21:24:00, 2026-04-24 21:29:00, 2026-04-24 21:34:00, 2026-04-24 21:40:00, 2026-04-24 21:45:00, 2026-04-24 21:50:00, 2026-04-24 21:54:00]",0.14379948916666666,0.42948858759993586,2.1074775332791678,369adecf1874e3df341e134bbd309788dbe105bab9d48d165590d8e75729be81
4642,ee327b00445d3fa664df656a60af5a80a31a3e7d7e9d46356726f4f09fec9beb,2026-04-24T21:49:00.000Z,-0.36953822,"[0.97563946, 0.98280962, 0.81227051, 0.94598756, 0.99451042, 0.71893312, 0.60920227, 0.62417152, 0.21678173, 0.01938626, -0.10260588]","[2026-04-24 20:54:00, 2026-04-24 20:59:00, 2026-04-24 21:04:00, 2026-04-24 21:09:00, 2026-04-24 21:14:00, 2026-04-24 21:19:00, 2026-04-24 21:24:00, 2026-04-24 21:29:00, 2026-04-24 21:34:00, 2026-04-24 21:39:00, 2026-04-24 21:44:00]",0.6179169627272727,0.38102245935949086,2.5915931160257895,ee327b00445d3fa664df656a60af5a80a31a3e7d7e9d46356726f4f09fec9beb
4642,ce99f44e9a2d83cdee960f0b1c9c5e6bcfeae8e804d23240b9171feb34b7e2e6,2026-04-24T21:54:00.000Z,-0.51216672,"[0.97563946, 0.98280962, 0.81227051, 0.94598756, 0.99451042, 0.71893312, 0.60920227, 0.62417152, 0.21678173, 0.01938626, -0.10260588, -0.36953822]","[2026-04-24 20:54:00, 2026-04-24 20:59:00, 2026-04-24 21:04:00, 2026-04-24 21:09:00, 2026-04-24 21:14:00, 2026-04-24 21:19:00, 2026-04-24 21:24:00, 2026-04-24 21:29:00, 2026-04-24 21:34:00, 2026-04-24 21:39:00, 2026-04-24 21:44:00, 2026-04-24 21:49:00]",0.5356290308333334,0.4555922293171709,2.299854307005501,ce99f44e9a2d83cdee960f0b1c9c5e6bcfeae8e804d23240b9171feb34b7e2e6
34104,ca76ec95c99c6b97c4d9344536a8c07c03ad532c3c8f07c2ee0572feb670f029,2026-04-24T21:49:00.000Z,-0.66661531,"[-0.12922076, -0.17425602, -0.32634156, -0.39821802, -0.33002139, -0.5304078, -0.39933069, -0.18977086, -0.43008064, -0.44290341, -0.5617997]","[2026-04-24 20:54:00, 2026-04-24 20:59:00, 2026-04-24 21:04:00, 2026-04-24 21:09:00, 2026-04-24 21:14:00, 2026-04-24 21:19:00, 2026-04-24 21:24:00, 2026-04-24 21:29:00, 2026-04-24 21:34:00, 2026-04-24 21:39:00, 2026-04-24 21:44:00]",-0.3556682590909091,0.13588657590958622,2.2882838045458094,ca76ec95c99c6b97c4d9344536a8c07c03ad532c3c8f07c2ee0572feb670f029
35509,4adb8d0d440a2d981f6f91c4e47da3b436b84f9624d68add1764dd72c78ddb4d,2026-04-24T22:09:00.000Z,0.0134782,"[0.84219177, 1.89359677, 1.84539312, 1.7317054, 1.94623154, 1.49678882, 1.28499293, 0.87111239, 1.04413314, 1.13467426, 0.77314249, 0.69256602]","[2026-04-24 21:09:00, 2026-04-24 21:14:00, 2026-04-24 21:19:00, 2026-04-24 21:24:00, 2026-04-24 21:29:00, 2026-04-24 21:34:00, 2026-04-24 21:39:00, 2026-04-24 21:44:00, 2026-04-24 21:50:00, 2026-04-24 21:55:00, 2026-04-24 21:59:00, 2026-04-24 22:04:00]",1.2963773875,0.44958104498066376,2.853543764406653,4adb8d0d440a2d981f6f91c4e47da3b436b84f9624d68add1764dd72c78ddb4d
3155,dc5b6e32e9e510d00adf4179c2112265cd792a63d8104cdf0e52d01404323141,2026-04-24T21:49:00.000Z,-0.33727068,"[0.27438906, 0.41703079, 0.52857701, 0.59808091, 0.54306811, 0.33436212, 0.34016319, 0.40531049, 0.25045133, 0.12574012, -0.13456056]","[2026-04-24 20:54:00, 2026-04-24 20:59:00, 2026-04-24 21:04:00, 2026-04-24 21:09:00, 2026-04-24 21:14:00, 2026-04-24 21:19:00, 2026-04-24 21:24:00, 2026-04-24 21:29:00, 2026-04-24 21:34:00, 2026-04-24 21:39:00, 2026-04-24 21:44:00]",0.3347829609090909,0.1992654934562107,3.3726543881355813,dc5b6e32e9e510d00adf4179c2112265cd792a63d8104cdf0e52d01404323141
3155,f2491ac54262f79e07b162161bd84e639d3d3509a729ff66825542451c54815e,2026-04-24T21:54:00.000Z,-0.42376288,"[0.27438906, 0.41703079, 0.52857701, 0.59808091, 0.54306811, 0.33436212, 0.34016319, 0.40531049, 0.25045133, 0.12574012, -0.13456056, -0.33727068]","[2026-04-24 20:54:00, 2026-04-24 20:59:00, 2026-04-24 21:04:00, 2026-04-24 21:09:00, 2026-04-24 21:14:00, 2026-04-24 21:19:00, 2026-04-24 21:24:00, 2026-04-24 21:29:00, 2026-04-24 21:34:00, 2026-04-24 21:39:00, 2026-04-24 21:44:00, 2026-04-24 21:49:00]",0.27877849083333334,0.2662693176002114,2.6384616040822255,f2491ac54262f79e07b162161bd84e639d3d3509a729ff66825542451c54815e
3155,5f7295613e3650ea5d6ebcbbf7838796c1ea07f647ba701a7bb7dc3d6877e601,2026-04-24T21:59:00.000Z,-0.5251421,"[0.41703079, 0.52857701, 0.59808091, 0.54306811, 0.33436212, 0.34016319, 0.40531049, 0.25045133, 0.12574012, -0.13456056, -0.33727068, -0.42376288]","[2026-04-24 20:59:00, 2026-04-24 21:04:00, 2026-04-24 21:09:00, 2026-04-24 21:14:00, 2026-04-24 21:19:00, 2026-04-24 21:24:00, 2026-04-24 21:29:00, 2026-04-24 21:34:00, 2026-04-24 21:39:00, 2026-04-24 21:44:00, 2026-04-24 21:49:00, 2026-04-24 21:54:00]",0.2205991625,0.32961079240382285,2.262490427153109,5f7295613e3650ea5d6ebcbbf7838796c1ea07f647ba701a7bb7dc3d6877e601
30495,fc5e985a5a7788da0f475204d389f4bb65ac941db258df2e8bd4707e1777a84e,2026-04-24T21:59:00.000Z,-0.2862144,"[0.42892768, 0.78502036, 0.94318821, 1.20843288, 1.15778566, 1.23360166, 1.44506667, 1.04955005, 0.57841898, 0.21507782, 0.13880025, 0.13738255]","[2026-04-24 20:59:00, 2026-04-24 21:04:00, 2026-04-24 21:09:00, 2026-04-24 21:15:00, 2026-04-24 21:19:00, 2026-04-24 21:24:00, 2026-04-24 21:29:00, 2026-04-24 21:34:00, 2026-04-24 21:39:00, 2026-04-24 21:44:00, 2026-04-24 21:49:00, 2026-04-24 21:54:00]",0.7767710641666666,0.44540717789965895,2.386547673477627,fc5e985a5a7788da0f475204d389f4bb65ac941db258df2e8bd4707e1777a84e
30495,4ec8190bb909682384017efc4bff3bddaf24faebed6e4d7eb121e6bd79595300,2026-04-24T22:04:00.000Z,-0.44613791,"[0.78502036, 0.94318821, 1.20843288, 1.15778566, 1.23360166, 1.44506667, 1.04955005, 0.57841898, 0.21507782, 0.13880025, 0.13738255, -0.2862144]","[2026-04-24 21:04:00, 2026-04-24 21:09:00, 2026-04-24 21:15:00, 2026-04-24 21:19:00, 2026-04-24 21:24:00, 2026-04-24 21:29:00, 2026-04-24 21:34:00, 2026-04-24 21:39:00, 2026-04-24 21:44:00, 2026-04-24 21:49:00, 2026-04-24 21:54:00, 2026-04-24 21:59:00]",0.7171758908333333,0.5281236211342951,2.2027301076493937,4ec8190bb909682384017efc4bff3bddaf24faebed6e4d7eb121e6bd79595300
1,1d5e2ec22a794c588fdece08017264c398c5ee3ced87de825e2d662599ad6f1e,2026-04-24T21:49:00.000Z,-0.11038132,"[0.0935298, 0.15994297, 0.19768107, 0.18786738, 0.14296691, 0.07977748, 0.08244286, 0.09675443, 0.04058524, -0.04873591, -0.05733206]","[2026-04-24 20:54:00, 2026-04-24 20:59:00, 2026-04-24 21:04:00, 2026-04-24 21:09:00, 2026-04-24 21:14:00, 2026-04-24 21:20:00, 2026-04-24 21:24:00, 2026-04-24 21:29:00, 2026-04-24 21:34:00, 2026-04-24 21:39:00, 2026-04-24 21:44:00]",0.08868001545454546,0.08116620590245664,2.4525149751827997,1d5e2ec22a794c588fdece08017264c398c5ee3ced87de825e2d662599ad6f1e
1,35359b62665d9fd8a4cf85a2e088d1b8ebbdcdd7e12578570fa1223c279b1755,2026-04-24T21:59:00.000Z,-0.20532902,"[0.15994297, 0.19768107, 0.18786738, 0.14296691, 0.07977748, 0.08244286, 0.09675443, 0.04058524, -0.04873591, -0.05733206, -0.11038132, -0.09814215]","[2026-04-24 20:59:00, 2026-04-24 21:04:00, 2026-04-24 21:09:00, 2026-04-24 21:14:00, 2026-04-24 21:20:00, 2026-04-24 21:24:00, 2026-04-24 21:29:00, 2026-04-24 21:34:00, 2026-04-24 21:39:00, 2026-04-24 21:44:00, 2026-04-24 21:49:00, 2026-04-24 21:55:00]",0.05611890833333333,0.10577066023202691,2.4718379157301316,35359b62665d9fd8a4cf85a2e088d1b8ebbdcdd7e12578570fa1223c279b1755
52,f0e94da8867aaf34042880d2b2073d7c9f7611ddc22793c1398f2371bc92c432,2026-04-24T21:49:00.000Z,-0.12775708,"[0.01339538, 0.10261562, 0.16082179, 0.19794611, 0.24061195, 0.08118953, 0.14217337, 0.18839463, 0.08288373, -0.04303207, -0.08960408]","[2026-04-24 20:54:00, 2026-04-24 20:59:00, 2026-04-24 21:04:00, 2026-04-24 21:09:00, 2026-04-24 21:14:00, 2026-04-24 21:19:00, 2026-04-24 21:24:00, 2026-04-24 21:29:00, 2026-04-24 21:34:00, 2026-04-24 21:39:00, 2026-04-24 21:44:00]",0.09794508727272727,0.09870621600627086,2.286605407489112,f0e94da8867aaf34042880d2b2073d7c9f7611ddc22793c1398f2371bc92c432
4030,419a8b7a6af34973d8aad38e14903796d3f6f36ffacaf1cfd15ffc5de5837dc3,2026-04-24T21:50:00.000Z,-0.59929477,"[0.74396913, 0.44854213, 0.46640753, 0.50623208, 0.40531393, -0.09866431, 0.31840126, 0.45547129, 0.24240585, -0.09772853, -0.10202521]","[2026-04-24 20:55:00, 2026-04-24 21:00:00, 2026-04-24 21:05:00, 2026-04-24 21:10:00, 2026-04-24 21:15:00, 2026-04-24 21:20:00, 2026-04-24 21:25:00, 2026-04-24 21:30:00, 2026-04-24 21:35:00, 2026-04-24 21:40:00, 2026-04-24 21:45:00]",0.29893865,0.2708652167351997,3.316163776311379,419a8b7a6af34973d8aad38e14903796d3f6f36ffacaf1cfd15ffc5de5837dc3
328,ff84a07cb365eacb8f192052fe8095176f93b379757145de7d5ea589027f1748,2026-04-24T21:55:00.000Z,0.18740816,"[-0.03207865, -0.1888318, -0.27588465, -0.09399825, -0.13982668, -0.00291966, 0.04595206, -0.03563732, 0.08140332, -0.04071884, -0.05323029]","[2026-04-24 20:59:00, 2026-04-24 21:04:00, 2026-04-24 21:09:00, 2026-04-24 21:14:00, 2026-04-24 21:19:00, 2026-04-24 21:24:00, 2026-04-24 21:29:00, 2026-04-24 21:34:00, 2026-04-24 21:39:00, 2026-04-24 21:45:00, 2026-04-24 21:49:00]",-0.06688825090909091,0.09838685418476259,2.584658418202321,ff84a07cb365eacb8f192052fe8095176f93b379757145de7d5ea589027f1748
24478,4e001ae07c6f8014b58cbe82c553433ee6932d1d7bfd05d9055c30673edbdf97,2026-04-24T21:50:00.000Z,-0.00632202,"[0.44540287, 0.58705385, 0.67639685, 0.85988331, 0.62725612, 0.65196036, 0.89127841, 1.03633914, 0.78388705, 0.42786704, 0.34888522]","[2026-04-24 20:55:00, 2026-04-24 21:00:00, 2026-04-24 21:05:00, 2026-04-24 21:10:00, 2026-04-24 21:16:00, 2026-04-24 21:20:00, 2026-04-24 21:25:00, 2026-04-24 21:30:00, 2026-04-24 21:35:00, 2026-04-24 21:40:00, 2026-04-24 21:45:00]",0.6669282018181818,0.20301165010303632,3.3163132336320658,4e001ae07c6f8014b58cbe82c553433ee6932d1d7bfd05d9055c30673edbdf97
24478,59ebe899c0f9231e82bc6584490af0cedd61686fdbdb348ae619f7b281ab62b9,2026-04-24T21:55:00.000Z,-0.16929404,"[0.44540287, 0.58705385, 0.67639685, 0.85988331, 0.62725612, 0.65196036, 0.89127841, 1.03633914, 0.78388705, 0.42786704, 0.34888522, -0.00632202]","[2026-04-24 20:55:00, 2026-04-24 21:00:00, 2026-04-24 21:05:00, 2026-04-24 21:10:00, 2026-04-24 21:16:00, 2026-04-24 21:20:00, 2026-04-24 21:25:00, 2026-04-24 21:30:00, 2026-04-24 21:35:00, 2026-04-24 21:40:00, 2026-04-24 21:45:00, 2026-04-24 21:50:00]",0.6108240166666666,0.26907940849824413,2.899211281236919,59ebe899c0f9231e82bc6584490af0cedd61686fdbdb348ae619f7b281ab62b9
24478,a3fce2426870fb67d6f1724ffa1c222162d0cc244a3a84e0e73c41f860c52f22,2026-04-24T22:00:00.000Z,-0.30389728,"[0.58705385, 0.67639685, 0.85988331, 0.62725612, 0.65196036, 0.89127841, 1.03633914, 0.78388705, 0.42786704, 0.34888522, -0.00632202, -0.16929404]","[2026-04-24 21:00:00, 2026-04-24 21:05:00, 2026-04-24 21:10:00, 2026-04-24 21:16:00, 2026-04-24 21:20:00, 2026-04-24 21:25:00, 2026-04-24 21:30:00, 2026-04-24 21:35:00, 2026-04-24 21:40:00, 2026-04-24 21:45:00, 2026-04-24 21:50:00, 2026-04-24 21:55:00]",0.5595992741666667,0.34382372816310797,2.5114513148348765,a3fce2426870fb67d6f1724ffa1c222162d0cc244a3a84e0e73c41f860c52f22
24478,7beb8410c54eddd6444cd27c1eb10571cc8d4d5d5e4a7fac8a522e35dd1ad49c,2026-04-24T22:10:00.000Z,-0.73029354,"[0.85988331, 0.62725612, 0.65196036, 0.89127841, 1.03633914, 0.78388705, 0.42786704, 0.34888522, -0.00632202, -0.16929404, -0.30389728, -0.34535206]","[2026-04-24 21:10:00, 2026-04-24 21:16:00, 2026-04-24 21:20:00, 2026-04-24 21:25:00, 2026-04-24 21:30:00, 2026-04-24 21:35:00, 2026-04-24 21:40:00, 2026-04-24 21:45:00, 2026-04-24 21:50:00, 2026-04-24 21:55:00, 2026-04-24 22:00:00, 2026-04-24 22:05:00]",0.4002076041666667,0.4711578298726875,2.3994107122705395,7beb8410c54eddd6444cd27c1eb10571cc8d4d5d5e4a7fac8a522e35dd1ad49c
29270,04ba6134f839702d2cace6c8e52cad00a475b686043d32a5d627938cb6698726,2026-04-24T21:49:00.000Z,-0.95046271,"[-0.01225289, 0.01073431, 0.0556807, 0.00113076, 0.10908517, -0.18130146, -0.33817234, -0.27279345, -0.41368724, -0.62419001, -0.84686948]","[2026-04-24 20:54:00, 2026-04-24 20:59:00, 2026-04-24 21:04:00, 2026-04-24 21:09:00, 2026-04-24 21:14:00, 2026-04-24 21:19:00, 2026-04-24 21:24:00, 2026-04-24 21:29:00, 2026-04-24 21:34:00, 2026-04-24 21:39:00, 2026-04-24 21:44:00]",-0.2284214481818182,0.2924678457392683,2.4687885261133053,04ba6134f839702d2cace6c8e52cad00a475b686043d32a5d627938cb6698726
2694,1cc8c75d06eb39c4aef0dc2d00b80b8824114ad8d6e1bfbbf94af1ff1fbb384a,2026-04-24T22:09:00.000Z,-0.04379809,"[0.56016864, 0.9371568, 0.78730993, 0.8229668, 0.80938563, 0.87025828, 0.70988241, 0.47116229, 0.2946909, 0.33968167, 0.33760751, 0.24741495]","[2026-04-24 21:09:00, 2026-04-24 21:14:00, 2026-04-24 21:19:00, 2026-04-24 21:24:00, 2026-04-24 21:29:00, 2026-04-24 21:34:00, 2026-04-24 21:39:00, 2026-04-24 21:44:00, 2026-04-24 21:49:00, 2026-04-24 21:54:00, 2026-04-24 22:00:00, 2026-04-24 22:04:00]",0.5989738175,0.24147952077962082,2.6618071189838366,1cc8c75d06eb39c4aef0dc2d00b80b8824114ad8d6e1bfbbf94af1ff1fbb384a
21159,2a0458837e6f1166da609cfd50a138eeed7102dadc986cd283173c7e309e903f,2026-04-24T21:49:00.000Z,-0.64809945,"[0.15209499, 0.08618577, -0.01311274, 0.1240319, 0.31268473, -0.19756523, -0.04762811, 0.11568412, -0.10118677, -0.32818786, -0.52586664]","[2026-04-24 20:54:00, 2026-04-24 20:59:00, 2026-04-24 21:04:00, 2026-04-24 21:09:00, 2026-04-24 21:14:00, 2026-04-24 21:19:00, 2026-04-24 21:24:00, 2026-04-24 21:29:00, 2026-04-24 21:34:00, 2026-04-24 21:39:00, 2026-04-24 21:44:00]",-0.03844234909090909,0.22898938894895715,2.6623814479237136,2a0458837e6f1166da609cfd50a138eeed7102dadc986cd283173c7e309e903f
3635,79260e3261b2a7638d2d51f75f03a94f26153e199cd04ed3800d8aadaaba857f,2026-04-24T22:04:00.000Z,0.11741024,"[0.03210582, 0.01342107, 0.01333395, -0.05322181, -0.02950306, -0.00358804, 0.01634181, 0.00855879, 0.02202072, 0.08002208, 0.1135232, 0.05671837]","[2026-04-24 21:04:00, 2026-04-24 21:09:00, 2026-04-24 21:14:00, 2026-04-24 21:19:00, 2026-04-24 21:24:00, 2026-04-24 21:29:00, 2026-04-24 21:34:00, 2026-04-24 21:39:00, 2026-04-24 21:44:00, 2026-04-24 21:49:00, 2026-04-24 21:54:00, 2026-04-24 21:59:00]",0.022477741666666665,0.04318065315835145,2.198496117814575,79260e3261b2a7638d2d51f75f03a94f26153e199cd04ed3800d8aadaaba857f
1321,f76c740fa0fa100acccf46921af39cf790426b68a39d25c614f0b9b4153128a0,2026-04-24T21:49:00.000Z,-0.27784233,"[0.21982909, 0.22107676, 0.11262525, 0.18690837, 0.15863874, -0.04703926, 0.01889199, 0.16992769, 0.07207604, -0.10863211, -0.18143144]","[2026-04-24 20:54:00, 2026-04-24 20:59:00, 2026-04-24 21:04:00, 2026-04-24 21:09:00, 2026-04-24 21:14:00, 2026-04-24 21:19:00, 2026-04-24 21:24:00, 2026-04-24 21:30:00, 2026-04-24 21:34:00, 2026-04-24 21:39:00, 2026-04-24 21:44:00]",0.07480646545454545,0.13135219676148988,2.684757500438971,f76c740fa0fa100acccf46921af39cf790426b68a39d25c614f0b9b4153128a0
1321,a424f6db2e94e4f2113ee3131dcbca3160e360aa8593e176987f56aefd0014db,2026-04-24T22:09:00.000Z,-0.52192499,"[0.18690837, 0.15863874, -0.04703926, 0.01889199, 0.16992769, 0.07207604, -0.10863211, -0.18143144, -0.27784233, -0.26128085, -0.30249623, -0.31122914]","[2026-04-24 21:09:00, 2026-04-24 21:14:00, 2026-04-24 21:19:00, 2026-04-24 21:24:00, 2026-04-24 21:30:00, 2026-04-24 21:34:00, 2026-04-24 21:39:00, 2026-04-24 21:44:00, 2026-04-24 21:49:00, 2026-04-24 21:54:00, 2026-04-24 21:59:00, 2026-04-24 22:04:00]",-0.07362571083333334,0.1848967982650583,2.424591898687226,a424f6db2e94e4f2113ee3131dcbca3160e360aa8593e176987f56aefd0014db
29470,632c6fb39e889cc891b66adbd691faef579c8eb6fefef51810d267d347230a48,2026-04-24T21:59:00.000Z,-0.00767991,"[0.00504832, -3.4899E-4, 0.01267893, -0.00100416, -0.00474387, 0.00233418, 0.00504085, 4.1116E-4, -1.2035E-4, -4.8911E-4, -0.00294671, -1.5309E-4]","[2026-04-24 20:59:00, 2026-04-24 21:04:00, 2026-04-24 21:09:00, 2026-04-24 21:15:00, 2026-04-24 21:19:00, 2026-04-24 21:24:00, 2026-04-24 21:29:00, 2026-04-24 21:34:00, 2026-04-24 21:39:00, 2026-04-24 21:44:00, 2026-04-24 21:49:00, 2026-04-24 21:54:00]",0.00130893,0.004371341597633385,2.0563115005394446,632c6fb39e889cc891b66adbd691faef579c8eb6fefef51810d267d347230a48
29470,d5b4ed25f3ef4b0048c139b16c98e85b63febbd499b0a55c0c3b6cf61c016ba7,2026-04-24T22:05:00.000Z,-0.01208204,"[0.01267893, -0.00100416, -0.00474387, 0.00233418, 0.00504085, 4.1116E-4, -1.2035E-4, -4.8911E-4, -0.00294671, -1.5309E-4, -0.00767991]","[2026-04-24 21:09:00, 2026-04-24 21:15:00, 2026-04-24 21:19:00, 2026-04-24 21:24:00, 2026-04-24 21:29:00, 2026-04-24 21:34:00, 2026-04-24 21:39:00, 2026-04-24 21:44:00, 2026-04-24 21:49:00, 2026-04-24 21:54:00, 2026-04-24 21:59:00]",3.0253818181818186E-4,0.005065300558225576,2.444983873998707,d5b4ed25f3ef4b0048c139b16c98e85b63febbd499b0a55c0c3b6cf61c016ba7
4847,9a3c4f505a6d874ff364d56879dc9425af927b4bd1e6690c9bb117cc76067c86,2026-04-24T21:49:00.000Z,-0.14532227,"[0.47997538, 0.43064996, 0.39104596, 0.42179493, 0.28453004, -0.04435101, 0.21071145, 0.39346773, 0.45037602, 0.15492721, -0.130801]","[2026-04-24 20:54:00, 2026-04-24 20:59:00, 2026-04-24 21:04:00, 2026-04-24 21:09:00, 2026-04-24 21:15:00, 2026-04-24 21:20:00, 2026-04-24 21:25:00, 2026-04-24 21:30:00, 2026-04-24 21:34:00, 2026-04-24 21:39:00, 2026-04-24 21:45:00]",0.2765751518181818,0.19801793432958648,2.1306020752441754,9a3c4f505a6d874ff364d56879dc9425af927b4bd1e6690c9bb117cc76067c86
4847,ba1948df1eed4228aa556b78d40bba125f3210c20a0e4519e1916655f620fb5c,2026-04-24T21:55:00.000Z,-0.23663385,"[0.43064996, 0.39104596, 0.42179493, 0.28453004, -0.04435101, 0.21071145, 0.39346773, 0.45037602, 0.15492721, -0.130801, -0.14532227]","[2026-04-24 20:59:00, 2026-04-24 21:04:00, 2026-04-24 21:09:00, 2026-04-24 21:15:00, 2026-04-24 21:20:00, 2026-04-24 21:25:00, 2026-04-24 21:30:00, 2026-04-24 21:34:00, 2026-04-24 21:39:00, 2026-04-24 21:45:00, 2026-04-24 21:49:00]",0.21972991090909091,0.22000056025465756,2.074375448775383,ba1948df1eed4228aa556b78d40bba125f3210c20a0e4519e1916655f620fb5c
4847,5e8246b06bf0381d3468e7720e29c561b2ff932ee5b6266eafc453a5fada070d,2026-04-24T21:59:00.000Z,-0.32581366,"[0.43064996, 0.39104596, 0.42179493, 0.28453004, -0.04435101, 0.21071145, 0.39346773, 0.45037602, 0.15492721, -0.130801, -0.14532227, -0.23663385]","[2026-04-24 20:59:00, 2026-04-24 21:04:00, 2026-04-24 21:09:00, 2026-04-24 21:15:00, 2026-04-24 21:20:00, 2026-04-24 21:25:00, 2026-04-24 21:30:00, 2026-04-24 21:34:00, 2026-04-24 21:39:00, 2026-04-24 21:45:00, 2026-04-24 21:49:00, 2026-04-24 21:55:00]",0.1816995975,0.24551220897190312,2.067160975925563,5e8246b06bf0381d3468e7720e29c561b2ff932ee5b6266eafc453a5fada070d
4847,ff2e719821e7eefdc3d7ed7c586744b82e043c6c4db8791f1e6f7e58ef2b99fc,2026-04-24T22:10:00.000Z,-0.63678558,"[0.28453004, -0.04435101, 0.21071145, 0.39346773, 0.45037602, 0.15492721, -0.130801, -0.14532227, -0.23663385, -0.32581366, -0.42573129]","[2026-04-24 21:15:00, 2026-04-24 21:20:00, 2026-04-24 21:25:00, 2026-04-24 21:30:00, 2026-04-24 21:34:00, 2026-04-24 21:39:00, 2026-04-24 21:45:00, 2026-04-24 21:49:00, 2026-04-24 21:55:00, 2026-04-24 21:59:00, 2026-04-24 22:05:00]",0.016850851818181817,0.2840426947785643,2.3011907851661086,ff2e719821e7eefdc3d7ed7c586744b82e043c6c4db8791f1e6f7e58ef2b99fc
1831,81c3a9e40bb15312927ead1e40bb56ac78e713af0ad1be6ecb2fe8568edf33f3,2026-04-24T21:49:00.000Z,-0.03965808,"[0.07196819, 0.15810422, 0.1481549, 0.15112849, 0.19792303, 0.08366374, 0.09273203, 0.14877773, 0.06725918, -0.00515692, -0.03393983]","[2026-04-24 20:54:00, 2026-04-24 20:59:00, 2026-04-24 21:04:00, 2026-04-24 21:09:00, 2026-04-24 21:15:00, 2026-04-24 21:19:00, 2026-04-24 21:24:00, 2026-04-24 21:29:00, 2026-04-24 21:34:00, 2026-04-24 21:39:00, 2026-04-24 21:44:00]",0.09823770545454545,0.06836960903812737,2.016916395962506,81c3a9e40bb15312927ead1e40bb56ac78e713af0ad1be6ecb2fe8568edf33f3
1831,9171cff7ab384b528696b921b10c5166aecd1ab2873f41490a92930cb1682fee,2026-04-24T21:59:00.000Z,-0.09843112,"[0.15810422, 0.1481549, 0.15112849, 0.19792303, 0.08366374, 0.09273203, 0.14877773, 0.06725918, -0.00515692, -0.03393983, -0.03965808, -0.00593532]","[2026-04-24 20:59:00, 2026-04-24 21:04:00, 2026-04-24 21:09:00, 2026-04-24 21:15:00, 2026-04-24 21:19:00, 2026-04-24 21:24:00, 2026-04-24 21:29:00, 2026-04-24 21:34:00, 2026-04-24 21:39:00, 2026-04-24 21:44:00, 2026-04-24 21:49:00, 2026-04-24 21:54:00]",0.08025443083333333,0.07995563315746317,2.234808778031102,9171cff7ab384b528696b921b10c5166aecd1ab2873f41490a92930cb1682fee
1831,82952c832ee19b083ead361d12b78f8a4c1a01a0b2baa057b9bd577fe9b0e05a,2026-04-24T22:09:00.000Z,-0.16933801,"[0.15112849, 0.19792303, 0.08366374, 0.09273203, 0.14877773, 0.06725918, -0.00515692, -0.03393983, -0.03965808, -0.00593532, -0.09843112, -0.11754065]","[2026-04-24 21:09:00, 2026-04-24 21:15:00, 2026-04-24 21:19:00, 2026-04-24 21:24:00, 2026-04-24 21:29:00, 2026-04-24 21:34:00, 2026-04-24 21:39:00, 2026-04-24 21:44:00, 2026-04-24 21:49:00, 2026-04-24 21:54:00, 2026-04-24 21:59:00, 2026-04-24 22:04:00]",0.03673519,0.09762517780732533,2.1108612002398552,82952c832ee19b083ead361d12b78f8a4c1a01a0b2baa057b9bd577fe9b0e05a
7083,7959d8ac61155e291a943c8620597f447375e44ee9ac9233f6b05de0c8ca56b2,2026-04-24T21:50:00.000Z,-0.41277021,"[0.51097979, 0.5104624, 0.43639005, 0.46035849, 0.40301926, 0.26109384, 0.2208536, 0.33044481, 0.17000042, -0.22483503, -0.34893668]","[2026-04-24 20:55:00, 2026-04-24 21:00:00, 2026-04-24 21:05:00, 2026-04-24 21:10:00, 2026-04-24 21:15:00, 2026-04-24 21:20:00, 2026-04-24 21:25:00, 2026-04-24 21:30:00, 2026-04-24 21:35:00, 2026-04-24 21:40:00, 2026-04-24 21:45:00]",0.24816645,0.2757400470741746,2.3969556363432654,7959d8ac61155e291a943c8620597f447375e44ee9ac9233f6b05de0c8ca56b2
7083,768b6a2476c8172ae804f2935b338199ababe2d7e9f44d9a702d60ffb101084d,2026-04-24T22:10:00.000Z,-0.80350469,"[0.46035849, 0.40301926, 0.26109384, 0.2208536, 0.33044481, 0.17000042, -0.22483503, -0.34893668, -0.41277021, -0.33910812, -0.41723131, -0.52057311]","[2026-04-24 21:10:00, 2026-04-24 21:15:00, 2026-04-24 21:20:00, 2026-04-24 21:25:00, 2026-04-24 21:30:00, 2026-04-24 21:35:00, 2026-04-24 21:40:00, 2026-04-24 21:45:00, 2026-04-24 21:50:00, 2026-04-24 21:55:00, 2026-04-24 22:00:00, 2026-04-24 22:05:00]",-0.03480700333333333,0.35562337805438865,2.1615499264199185,768b6a2476c8172ae804f2935b338199ababe2d7e9f44d9a702d60ffb101084d
29210,713202bbe27cb4905de616a5b3321eb3bd527538e223aa33656cf52542d99632,2026-04-24T21:49:00.000Z,-0.49509765,"[0.30666546, 0.29336147, 0.44809589, 0.51397493, 0.68616846, 0.06802707, 0.12934812, 0.3620432, 0.33806512, 0.12169323, -0.26752562]","[2026-04-24 20:54:00, 2026-04-24 20:59:00, 2026-04-24 21:04:00, 2026-04-24 21:09:00, 2026-04-24 21:14:00, 2026-04-24 21:19:00, 2026-04-24 21:24:00, 2026-04-24 21:29:00, 2026-04-24 21:34:00, 2026-04-24 21:39:00, 2026-04-24 21:44:00]",0.2727197572727273,0.24324629552916563,3.156543065136483,713202bbe27cb4905de616a5b3321eb3bd527538e223aa33656cf52542d99632
7278,312dd2ad23a6c9cd957404efa788b53158877ea8ef18366f733c51b0176e52e0,2026-04-24T21:49:00.000Z,-0.67746133,"[0.34487178, 0.49111181, 0.5859837, 0.7046576, 0.5053933, 0.079338, 0.24534066, 0.21492186, 0.07756906, -0.30865985, -0.6729722]","[2026-04-24 20:54:00, 2026-04-24 20:59:00, 2026-04-24 21:04:00, 2026-04-24 21:09:00, 2026-04-24 21:14:00, 2026-04-24 21:19:00, 2026-04-24 21:24:00, 2026-04-24 21:29:00, 2026-04-24 21:34:00, 2026-04-24 21:39:00, 2026-04-24 21:44:00]",0.20614142909090907,0.387871722366764,2.2780798602672854,312dd2ad23a6c9cd957404efa788b53158877ea8ef18366f733c51b0176e52e0
3773,fd71071d02a08f1d799126af6f4e1f9ab08280149c7843f0c498bb0dcadb3ae8,2026-04-24T21:50:00.000Z,-0.18202091,"[0.40355701, 0.49625033, 0.43698842, 0.57771593, 0.63125137, 0.31892757, 0.29454623, 0.4436621, 0.32941212, 0.04714149, -0.09734074]","[2026-04-24 20:54:00, 2026-04-24 20:59:00, 2026-04-24 21:04:00, 2026-04-24 21:09:00, 2026-04-24 21:15:00, 2026-04-24 21:20:00, 2026-04-24 21:25:00, 2026-04-24 21:30:00, 2026-04-24 21:34:00, 2026-04-24 21:40:00, 2026-04-24 21:45:00]",0.35291925727272727,0.20621297768095556,2.5941149450853924,fd71071d02a08f1d799126af6f4e1f9ab08280149c7843f0c498bb0dcadb3ae8
3773,9b52fd7696e4d974228dc4efc043101e8a97a5063de2abdea623b77ea4558dff,2026-04-24T22:09:00.000Z,-0.4668784,"[0.57771593, 0.63125137, 0.31892757, 0.29454623, 0.4436621, 0.32941212, 0.04714149, -0.09734074, -0.18202091, -0.14323186, -0.15615841, -0.22731012]","[2026-04-24 21:09:00, 2026-04-24 21:15:00, 2026-04-24 21:20:00, 2026-04-24 21:25:00, 2026-04-24 21:30:00, 2026-04-24 21:34:00, 2026-04-24 21:40:00, 2026-04-24 21:45:00, 2026-04-24 21:50:00, 2026-04-24 21:55:00, 2026-04-24 21:59:00, 2026-04-24 22:05:00]",0.15304956416666668,0.30088265928536306,2.060364547558438,9b52fd7696e4d974228dc4efc043101e8a97a5063de2abdea623b77ea4558dff
33038,38b8141f6b95faa86cf0f6aae4287a03ca851ce47032cb3d75fa7e33bf7af978,2026-04-24T21:49:00.000Z,-0.76321763,"[0.6556482, 0.56115298, 0.28490448, 0.20300943, 0.19543851, -0.01568248, -0.1044505, -0.03640383, -0.3286236, -0.4862085, -0.65151027]","[2026-04-24 20:54:00, 2026-04-24 20:59:00, 2026-04-24 21:04:00, 2026-04-24 21:09:00, 2026-04-24 21:14:00, 2026-04-24 21:19:00, 2026-04-24 21:24:00, 2026-04-24 21:29:00, 2026-04-24 21:34:00, 2026-04-24 21:39:00, 2026-04-24 21:44:00]",0.025206765454545466,0.3907680705146541,2.0176274750804617,38b8141f6b95faa86cf0f6aae4287a03ca851ce47032cb3d75fa7e33bf7af978
2087,85a5879eb2e1da1a2e09f6c6537388b7811d0408d578ffd0322cfc7f78c53fb6,2026-04-24T21:49:00.000Z,-0.0788942,"[0.34290347, 0.37959865, 0.37964312, 0.37302792, 0.42234578, 0.24366543, 0.24759635, 0.24628073, 0.23531596, 0.24392416, 0.05914046]","[2026-04-24 20:54:00, 2026-04-24 20:59:00, 2026-04-24 21:05:00, 2026-04-24 21:09:00, 2026-04-24 21:14:00, 2026-04-24 21:19:00, 2026-04-24 21:24:00, 2026-04-24 21:29:00, 2026-04-24 21:34:00, 2026-04-24 21:39:00, 2026-04-24 21:44:00]",0.28849473,0.09886284893831904,3.7161475108735287,85a5879eb2e1da1a2e09f6c6537388b7811d0408d578ffd0322cfc7f78c53fb6
3897,61c33a7745be0f5a77d83470ea6cdaab8d9c9825caa947e929b797154452a822,2026-04-24T21:49:00.000Z,-0.05562163,"[0.06610549, 0.08587377, 0.1211235, 0.12345501, 0.09666105, -0.00186583, 0.08283754, 0.16240271, 0.10262739, 0.09564803, -0.0551609]","[2026-04-24 20:54:00, 2026-04-24 20:59:00, 2026-04-24 21:04:00, 2026-04-24 21:09:00, 2026-04-24 21:15:00, 2026-04-24 21:19:00, 2026-04-24 21:24:00, 2026-04-24 21:29:00, 2026-04-24 21:34:00, 2026-04-24 21:39:00, 2026-04-24 21:44:00]",0.07997343272727273,0.057690571493468824,2.350385153362946,61c33a7745be0f5a77d83470ea6cdaab8d9c9825caa947e929b797154452a822
8916,d0d068459c67bff7dd9cae6c9c1e1c792bd3ebd2681a0bba4a627696aa667a93,2026-04-24T21:49:00.000Z,-0.32280321,"[0.35646208, 0.31334516, 0.3053251, 0.25867596, 0.22513047, -0.01062853, 0.18932689, 0.35810578, 0.43059067, 0.05015222, -0.12394125]","[2026-04-24 20:54:00, 2026-04-24 20:59:00, 2026-04-24 21:04:00, 2026-04-24 21:09:00, 2026-04-24 21:15:00, 2026-04-24 21:20:00, 2026-04-24 21:25:00, 2026-04-24 21:31:00, 2026-04-24 21:34:00, 2026-04-24 21:39:00, 2026-04-24 21:45:00]",0.21386768636363637,0.16526010671935087,3.247431621686081,d0d068459c67bff7dd9cae6c9c1e1c792bd3ebd2681a0bba4a627696aa667a93
8916,4f80fb481dff378825af81749acda7f3e21208da65e3a04bbc75525a35699836,2026-04-24T21:55:00.000Z,-0.32541213,"[0.31334516, 0.3053251, 0.25867596, 0.22513047, -0.01062853, 0.18932689, 0.35810578, 0.43059067, 0.05015222, -0.12394125, -0.32280321]","[2026-04-24 20:59:00, 2026-04-24 21:04:00, 2026-04-24 21:09:00, 2026-04-24 21:15:00, 2026-04-24 21:20:00, 2026-04-24 21:25:00, 2026-04-24 21:31:00, 2026-04-24 21:34:00, 2026-04-24 21:39:00, 2026-04-24 21:45:00, 2026-04-24 21:49:00]",0.15211629636363636,0.21870628823997498,2.183423394939927,4f80fb481dff378825af81749acda7f3e21208da65e3a04bbc75525a35699836
8916,1e59cf2347fb4db69fcf5aa47c993a9c79a999af09b588db807cd03138d24f79,2026-04-24T21:59:00.000Z,-0.43819623,"[0.31334516, 0.3053251, 0.25867596, 0.22513047, -0.01062853, 0.18932689, 0.35810578, 0.43059067, 0.05015222, -0.12394125, -0.32280321, -0.32541213]","[2026-04-24 20:59:00, 2026-04-24 21:04:00, 2026-04-24 21:09:00, 2026-04-24 21:15:00, 2026-04-24 21:20:00, 2026-04-24 21:25:00, 2026-04-24 21:31:00, 2026-04-24 21:34:00, 2026-04-24 21:39:00, 2026-04-24 21:45:00, 2026-04-24 21:49:00, 2026-04-24 21:55:00]",0.11232226083333334,0.24751893201878922,2.2241470029918493,1e59cf2347fb4db69fcf5aa47c993a9c79a999af09b588db807cd03138d24f79
8916,3886e787b9cf36e1bcacb2f712931c7e7391fc8b7264d1714cc8972144dc59e4,2026-04-24T22:05:00.000Z,-0.64894091,"[0.25867596, 0.22513047, -0.01062853, 0.18932689, 0.35810578, 0.43059067, 0.05015222, -0.12394125, -0.32280321, -0.32541213, -0.43819623]","[2026-04-24 21:09:00, 2026-04-24 21:15:00, 2026-04-24 21:20:00, 2026-04-24 21:25:00, 2026-04-24 21:31:00, 2026-04-24 21:34:00, 2026-04-24 21:39:00, 2026-04-24 21:45:00, 2026-04-24 21:49:00, 2026-04-24 21:55:00, 2026-04-24 21:59:00]",0.02645460363636363,0.2827610567324306,2.3885733114778698,3886e787b9cf36e1bcacb2f712931c7e7391fc8b7264d1714cc8972144dc59e4
8916,7d7ce9d47f5b4be9572dc8eda38aa1a4d03c767ad40438794a613595ebf50b8d,2026-04-24T22:09:00.000Z,-0.72600167,"[0.25867596, 0.22513047, -0.01062853, 0.18932689, 0.35810578, 0.43059067, 0.05015222, -0.12394125, -0.32280321, -0.32541213, -0.43819623, -0.64894091]","[2026-04-24 21:09:00, 2026-04-24 21:15:00, 2026-04-24 21:20:00, 2026-04-24 21:25:00, 2026-04-24 21:31:00, 2026-04-24 21:34:00, 2026-04-24 21:39:00, 2026-04-24 21:45:00, 2026-04-24 21:49:00, 2026-04-24 21:55:00, 2026-04-24 21:59:00, 2026-04-24 22:05:00]",-0.029828355833333337,0.3288411228299778,2.1170506540528153,7d7ce9d47f5b4be9572dc8eda38aa1a4d03c767ad40438794a613595ebf50b8d
23095,54ce1970c256ee61dd6cdf2b08a216ed75f1f708654dd7d95adad5414bdbf07b,2026-04-24T21:49:00.000Z,-0.22317778,"[0.40239606, 0.33364016, 0.32541285, 0.49727927, 0.57394515, 0.30292149, 0.43943357, 0.51580801, 0.45460388, 0.12933785, -0.15907933]","[2026-04-24 20:54:00, 2026-04-24 20:59:00, 2026-04-24 21:04:00, 2026-04-24 21:09:00, 2026-04-24 21:14:00, 2026-04-24 21:19:00, 2026-04-24 21:24:00, 2026-04-24 21:29:00, 2026-04-24 21:34:00, 2026-04-24 21:39:00, 2026-04-24 21:44:00]",0.34688172363636366,0.19814038617865637,2.8770485140892,54ce1970c256ee61dd6cdf2b08a216ed75f1f708654dd7d95adad5414bdbf07b
23095,396936e64b009e35f664d1bb0b1579265e7177f55a2a8e96b325a27146879fe4,2026-04-24T21:54:00.000Z,-0.20506842,"[0.40239606, 0.33364016, 0.32541285, 0.49727927, 0.57394515, 0.30292149, 0.43943357, 0.51580801, 0.45460388, 0.12933785, -0.15907933, -0.22317778]","[2026-04-24 20:54:00, 2026-04-24 20:59:00, 2026-04-24 21:04:00, 2026-04-24 21:09:00, 2026-04-24 21:14:00, 2026-04-24 21:19:00, 2026-04-24 21:24:00, 2026-04-24 21:29:00, 2026-04-24 21:34:00, 2026-04-24 21:39:00, 2026-04-24 21:44:00, 2026-04-24 21:49:00]",0.299376765,0.24660071024683533,2.0455950207729527,396936e64b009e35f664d1bb0b1579265e7177f55a2a8e96b325a27146879fe4
23095,a9220e1dac657495ba13593c5688ed65c0e5336971b275a83f51c5b359399791,2026-04-24T22:09:00.000Z,-0.71279438,"[0.49727927, 0.57394515, 0.30292149, 0.43943357, 0.51580801, 0.45460388, 0.12933785, -0.15907933, -0.22317778, -0.20506842, -0.23243442, -0.35330998]","[2026-04-24 21:09:00, 2026-04-24 21:14:00, 2026-04-24 21:19:00, 2026-04-24 21:24:00, 2026-04-24 21:29:00, 2026-04-24 21:34:00, 2026-04-24 21:39:00, 2026-04-24 21:44:00, 2026-04-24 21:49:00, 2026-04-24 21:54:00, 2026-04-24 21:59:00, 2026-04-24 22:04:00]",0.1450216075,0.34091298779000034,2.5162314673338515,a9220e1dac657495ba13593c5688ed65c0e5336971b275a83f51c5b359399791
4943,c8f344f4eae40b4953f0e7112832fef4614805997ade0141cf7dd9a0a16739cf,2026-04-24T21:49:00.000Z,0.02247818,"[-0.00283339, -0.00246391, -0.00279732, 0.00410695, 0.00608867, -0.00465232, 0.01098766, 0.0088173, 0.00650647, 0.00813839, 0.01069044]","[2026-04-24 20:54:00, 2026-04-24 20:59:00, 2026-04-24 21:04:00, 2026-04-24 21:09:00, 2026-04-24 21:14:00, 2026-04-24 21:19:00, 2026-04-24 21:24:00, 2026-04-24 21:29:00, 2026-04-24 21:34:00, 2026-04-24 21:39:00, 2026-04-24 21:44:00]",0.003871721818181818,0.005672428909105097,3.280157139025935,c8f344f4eae40b4953f0e7112832fef4614805997ade0141cf7dd9a0a16739cf
7186,9bd74c1607dd4a3fa2ee085fd20c8c37db03bd2f4cbef3544e76f331288cd4b6,2026-04-24T21:50:00.000Z,-0.44147547,"[0.07697784, 0.08335741, 0.11576181, 0.07839881, 0.13361936, -0.19332526, -0.09525225, -0.06315473, -0.10389063, -0.29382565, -0.41807562]","[2026-04-24 20:54:00, 2026-04-24 20:59:00, 2026-04-24 21:04:00, 2026-04-24 21:09:00, 2026-04-24 21:14:00, 2026-04-24 21:19:00, 2026-04-24 21:24:00, 2026-04-24 21:29:00, 2026-04-24 21:34:00, 2026-04-24 21:39:00, 2026-04-24 21:45:00]",-0.06176444636363636,0.173378776290161,2.190066349302707,9bd74c1607dd4a3fa2ee085fd20c8c37db03bd2f4cbef3544e76f331288cd4b6
26997,ee23acca91e8687fe1663477a6cdb87624825fa3c0402ec688e72d8b4db661fb,2026-04-24T21:49:00.000Z,-1.0069561,"[0.32700347, 0.40905087, 0.25164186, 0.19476271, 0.30197875, 0.04200422, 0.02100324, -0.02084575, -0.25502614, -0.55128033, -0.9143036]","[2026-04-24 20:54:00, 2026-04-24 20:59:00, 2026-04-24 21:04:00, 2026-04-24 21:09:00, 2026-04-24 21:14:00, 2026-04-24 21:19:00, 2026-04-24 21:24:00, 2026-04-24 21:30:00, 2026-04-24 21:34:00, 2026-04-24 21:39:00, 2026-04-24 21:44:00]",-0.01763733636363636,0.3897340350932411,2.538445900419439,ee23acca91e8687fe1663477a6cdb87624825fa3c0402ec688e72d8b4db661fb
30171,3d10d7b13e4ea660fad90b34d39b5cee535344713623f389f35976fe76272722,2026-04-24T21:49:00.000Z,-0.74690515,"[1.09877184, 1.1690876, 0.9827845, 1.05292873, 1.30844085, 0.75596547, 0.74834818, 0.70242512, 0.14749204, -0.38323075, -0.64827186]","[2026-04-24 20:54:00, 2026-04-24 20:59:00, 2026-04-24 21:04:00, 2026-04-24 21:09:00, 2026-04-24 21:14:00, 2026-04-24 21:19:00, 2026-04-24 21:24:00, 2026-04-24 21:29:00, 2026-04-24 21:34:00, 2026-04-24 21:40:00, 2026-04-24 21:44:00]",0.6304310654545454,0.6180994666301235,2.2283407280122383,3d10d7b13e4ea660fad90b34d39b5cee535344713623f389f35976fe76272722
20641,60da2f63609e41418b5c44317025c2d61be2048324c1467a3175e26a561f007e,2026-04-24T21:50:00.000Z,-0.0265646,"[0.03244905, 0.03108316, 0.02857613, 0.0163824, 0.00297319, 0.00446313, 0.00258237, -0.01198246, 0.00344015, -0.00376313, -5.032E-4]","[2026-04-24 20:54:00, 2026-04-24 20:59:00, 2026-04-24 21:04:00, 2026-04-24 21:09:00, 2026-04-24 21:14:00, 2026-04-24 21:19:00, 2026-04-24 21:24:00, 2026-04-24 21:29:00, 2026-04-24 21:34:00, 2026-04-24 21:39:00, 2026-04-24 21:45:00]",0.009609162727272727,0.014439976661447453,2.505112270981101,60da2f63609e41418b5c44317025c2d61be2048324c1467a3175e26a561f007e
6535,7162aa3d84ce432db05a4871423a08a53f64d95193949f06e80e271f7da3b296,2026-04-24T21:49:00.000Z,-0.42869712,"[0.25724445, 0.13686715, 0.14407287, 0.14075498, 0.20901568, -0.21606998, -0.02737424, 0.11275223, -0.09418454, -0.27102476, -0.36124876]","[2026-04-24 20:54:00, 2026-04-24 20:59:00, 2026-04-24 21:04:00, 2026-04-24 21:09:00, 2026-04-24 21:14:00, 2026-04-24 21:19:00, 2026-04-24 21:24:00, 2026-04-24 21:29:00, 2026-04-24 21:34:00, 2026-04-24 21:39:00, 2026-04-24 21:44:00]",0.002800461818181821,0.20046582829582346,2.1524744914700844,7162aa3d84ce432db05a4871423a08a53f64d95193949f06e80e271f7da3b296
6535,d324a57017548fa1728d02e8ea37ae051b55139b7ad0c514ad66255a7f0922ea,2026-04-24T22:04:00.000Z,-0.56399739,"[0.14407287, 0.14075498, 0.20901568, -0.21606998, -0.02737424, 0.11275223, -0.09418454, -0.27102476, -0.36124876, -0.42869712, -0.30784579, -0.35425687]","[2026-04-24 21:04:00, 2026-04-24 21:09:00, 2026-04-24 21:14:00, 2026-04-24 21:19:00, 2026-04-24 21:24:00, 2026-04-24 21:29:00, 2026-04-24 21:34:00, 2026-04-24 21:39:00, 2026-04-24 21:44:00, 2026-04-24 21:49:00, 2026-04-24 21:55:00, 2026-04-24 21:59:00]",-0.121175525,0.2208085639292487,2.0054560254369873,d324a57017548fa1728d02e8ea37ae051b55139b7ad0c514ad66255a7f0922ea
6535,4c3011ea524175ee5af87b270638e270b5b723b9d84c81a1b078780b3a36e15c,2026-04-24T22:09:00.000Z,-0.75507294,"[0.14075498, 0.20901568, -0.21606998, -0.02737424, 0.11275223, -0.09418454, -0.27102476, -0.36124876, -0.42869712, -0.30784579, -0.35425687, -0.56399739]","[2026-04-24 21:09:00, 2026-04-24 21:14:00, 2026-04-24 21:19:00, 2026-04-24 21:24:00, 2026-04-24 21:29:00, 2026-04-24 21:34:00, 2026-04-24 21:39:00, 2026-04-24 21:44:00, 2026-04-24 21:49:00, 2026-04-24 21:55:00, 2026-04-24 21:59:00, 2026-04-24 22:04:00]",-0.18018137999999997,0.2361198962452824,2.434744251296808,4c3011ea524175ee5af87b270638e270b5b723b9d84c81a1b078780b3a36e15c
5426,ccfc28a181700d9be994ad35e8235ddfcbe6828839e226cdd87243081d1596f3,2026-04-24T21:49:00.000Z,-0.33950585,"[0.5535646, 0.59813629, 0.47376181, 0.44534918, 0.50566518, 0.19223451, 0.22948178, 0.32560211, 0.10177715, -0.22450585, -0.29636124]","[2026-04-24 20:54:00, 2026-04-24 20:59:00, 2026-04-24 21:04:00, 2026-04-24 21:09:00, 2026-04-24 21:14:00, 2026-04-24 21:19:00, 2026-04-24 21:24:00, 2026-04-24 21:29:00, 2026-04-24 21:34:00, 2026-04-24 21:39:00, 2026-04-24 21:44:00]",0.2640641381818182,0.2891806331889179,2.087172925537907,ccfc28a181700d9be994ad35e8235ddfcbe6828839e226cdd87243081d1596f3
13502,ffe3405f87e3955d2f10b262b7bad92940c0755c5bc3144dec872d887e11212c,2026-04-24T21:49:00.000Z,-0.15463262,"[0.46072014, 0.422131, 0.30397138, 0.37671594, 0.52780829, 0.05485343, 0.25907045, 0.38898671, 0.40856984, 0.1351649, -0.11281585]","[2026-04-24 20:54:00, 2026-04-24 20:59:00, 2026-04-24 21:04:00, 2026-04-24 21:09:00, 2026-04-24 21:14:00, 2026-04-24 21:20:00, 2026-04-24 21:24:00, 2026-04-24 21:29:00, 2026-04-24 21:34:00, 2026-04-24 21:39:00, 2026-04-24 21:44:00]",0.29319783909090913,0.18515383169496863,2.4186939853812297,ffe3405f87e3955d2f10b262b7bad92940c0755c5bc3144dec872d887e11212c
13502,5ec23a8bd3bc6ee078569eb537ad3c689e2a861fe4691872232e29119ef31427,2026-04-24T21:59:00.000Z,-0.34525321,"[0.422131, 0.30397138, 0.37671594, 0.52780829, 0.05485343, 0.25907045, 0.38898671, 0.40856984, 0.1351649, -0.11281585, -0.15463262, -0.15871287]","[2026-04-24 20:59:00, 2026-04-24 21:04:00, 2026-04-24 21:09:00, 2026-04-24 21:14:00, 2026-04-24 21:20:00, 2026-04-24 21:24:00, 2026-04-24 21:29:00, 2026-04-24 21:34:00, 2026-04-24 21:39:00, 2026-04-24 21:44:00, 2026-04-24 21:49:00, 2026-04-24 21:55:00]",0.20425921666666666,0.23432386782305872,2.3450979696255754,5ec23a8bd3bc6ee078569eb537ad3c689e2a861fe4691872232e29119ef31427
13502,02f021f94eb1a471e308c50638b4a8cdc63d9c02c29e120ae6740c558ecff7a0,2026-04-24T22:04:00.000Z,-0.52512929,"[0.30397138, 0.37671594, 0.52780829, 0.05485343, 0.25907045, 0.38898671, 0.40856984, 0.1351649, -0.11281585, -0.15463262, -0.15871287, -0.34525321]","[2026-04-24 21:04:00, 2026-04-24 21:09:00, 2026-04-24 21:14:00, 2026-04-24 21:20:00, 2026-04-24 21:24:00, 2026-04-24 21:29:00, 2026-04-24 21:34:00, 2026-04-24 21:39:00, 2026-04-24 21:44:00, 2026-04-24 21:49:00, 2026-04-24 21:55:00, 2026-04-24 21:59:00]",0.1403105325,0.26837701761191046,2.479496301215578,02f021f94eb1a471e308c50638b4a8cdc63d9c02c29e120ae6740c558ecff7a0
13502,7dcf835937b0d3da8988e3b18d82c1223196e5c3cacdef02669f4a7da7666299,2026-04-24T22:09:00.000Z,-0.83426952,"[0.37671594, 0.52780829, 0.05485343, 0.25907045, 0.38898671, 0.40856984, 0.1351649, -0.11281585, -0.15463262, -0.15871287, -0.34525321, -0.52512929]","[2026-04-24 21:09:00, 2026-04-24 21:14:00, 2026-04-24 21:20:00, 2026-04-24 21:24:00, 2026-04-24 21:29:00, 2026-04-24 21:34:00, 2026-04-24 21:39:00, 2026-04-24 21:44:00, 2026-04-24 21:49:00, 2026-04-24 21:55:00, 2026-04-24 21:59:00, 2026-04-24 22:04:00]",0.07121881000000001,0.3192512038525166,2.8362879108149124,7dcf835937b0d3da8988e3b18d82c1223196e5c3cacdef02669f4a7da7666299
34387,cdbb17de5f393f63082d5be57de6d267b6a620f8b97eb4caf939352a1116bf61,2026-04-24T21:59:00.000Z,-0.03122656,"[0.0315789, 0.01182724, 0.01492944, -0.00589869, -0.00409462, -0.0089067, 0.01040773, -0.00313197, -0.03551673, -0.00209906, -0.00785466, 0.00121598]","[2026-04-24 20:59:00, 2026-04-24 21:04:00, 2026-04-24 21:09:00, 2026-04-24 21:14:00, 2026-04-24 21:19:00, 2026-04-24 21:24:00, 2026-04-24 21:29:00, 2026-04-24 21:34:00, 2026-04-24 21:39:00, 2026-04-24 21:44:00, 2026-04-24 21:49:00, 2026-04-24 21:54:00]",2.0473833333333312E-4,0.01564590998673553,2.0089146850506316,cdbb17de5f393f63082d5be57de6d267b6a620f8b97eb4caf939352a1116bf61
35766,6df98d0bff033618908189363b616dd81bf3035847c3f17b28538e01253e181c,2026-04-24T22:10:00.000Z,0.74986786,"[-1.29540169, -1.08271833, -1.14351153, -1.34164675, 0.01097936, -0.61759843, -0.6302394, 0.27248392, 0.09107026, -0.50386671, 0.35734552, -0.5740848]","[2026-04-24 21:10:00, 2026-04-24 21:15:00, 2026-04-24 21:20:00, 2026-04-24 21:25:00, 2026-04-24 21:30:00, 2026-04-24 21:35:00, 2026-04-24 21:41:00, 2026-04-24 21:45:00, 2026-04-24 21:50:00, 2026-04-24 21:55:00, 2026-04-24 22:00:00, 2026-04-24 22:05:00]",-0.5380990483333333,0.5813643650075573,2.215421146971385,6df98d0bff033618908189363b616dd81bf3035847c3f17b28538e01253e181c
21794,0e0eda0c7fb7237498d85d983466c188fee14888e986cccdd8def6d3bc2fe055,2026-04-24T21:49:00.000Z,0.3786322,"[1.11980417, 1.23010122, 0.91806884, 0.86085743, 1.05303993, 0.62073299, 0.88307114, 1.35652131, 1.32518089, 0.95083006, 0.4139558]","[2026-04-24 20:54:00, 2026-04-24 20:59:00, 2026-04-24 21:04:00, 2026-04-24 21:09:00, 2026-04-24 21:14:00, 2026-04-24 21:19:00, 2026-04-24 21:24:00, 2026-04-24 21:29:00, 2026-04-24 21:34:00, 2026-04-24 21:39:00, 2026-04-24 21:44:00]",0.9756512527272728,0.27400997067740596,2.1788223663953747,0e0eda0c7fb7237498d85d983466c188fee14888e986cccdd8def6d3bc2fe055
21794,acd32dd4e9297a38ee771c81c26fb3c83671fb4d6b635bcdacc2d6a6d4f7c0b2,2026-04-24T22:09:00.000Z,-0.16559584,"[0.86085743, 1.05303993, 0.62073299, 0.88307114, 1.35652131, 1.32518089, 0.95083006, 0.4139558, 0.3786322, 0.47006305, 0.28718241, 0.27967377]","[2026-04-24 21:09:00, 2026-04-24 21:14:00, 2026-04-24 21:19:00, 2026-04-24 21:24:00, 2026-04-24 21:29:00, 2026-04-24 21:34:00, 2026-04-24 21:39:00, 2026-04-24 21:44:00, 2026-04-24 21:49:00, 2026-04-24 21:54:00, 2026-04-24 21:59:00, 2026-04-24 22:04:00]",0.739978415,0.36979504090047616,2.4488545135566575,acd32dd4e9297a38ee771c81c26fb3c83671fb4d6b635bcdacc2d6a6d4f7c0b2
20947,9fa5c3fa5585e3338546c02461278790454fb497a59d6d32451f94768b9b7d41,2026-04-24T21:49:00.000Z,-0.33536087,"[0.25934719, 0.41023694, 0.28890885, 0.36310255, 0.25748377, 0.08019097, 0.19569616, 0.273624, 0.15512312, -0.04421824, -0.25875493]","[2026-04-24 20:54:00, 2026-04-24 20:59:00, 2026-04-24 21:04:00, 2026-04-24 21:09:00, 2026-04-24 21:15:00, 2026-04-24 21:19:00, 2026-04-24 21:24:00, 2026-04-24 21:29:00, 2026-04-24 21:34:00, 2026-04-24 21:39:00, 2026-04-24 21:44:00]",0.18006730727272727,0.18416115065037283,2.798788862105124,9fa5c3fa5585e3338546c02461278790454fb497a59d6d32451f94768b9b7d41
20947,f692b26d74037df4f6f8929287a521465762462e0dfa72b78874c82a11c0a6c6,2026-04-24T21:59:00.000Z,-0.45104083,"[0.41023694, 0.28890885, 0.36310255, 0.25748377, 0.08019097, 0.19569616, 0.273624, 0.15512312, -0.04421824, -0.25875493, -0.33536087, -0.29947208]","[2026-04-24 20:59:00, 2026-04-24 21:04:00, 2026-04-24 21:09:00, 2026-04-24 21:15:00, 2026-04-24 21:19:00, 2026-04-24 21:24:00, 2026-04-24 21:29:00, 2026-04-24 21:34:00, 2026-04-24 21:39:00, 2026-04-24 21:44:00, 2026-04-24 21:49:00, 2026-04-24 21:54:00]",0.09054668666666667,0.25269221320949753,2.1432695126923322,f692b26d74037df4f6f8929287a521465762462e0dfa72b78874c82a11c0a6c6
20947,95ad503200317707ab5faffca74500817a95bdaa1038f21bde59853a370376c9,2026-04-24T22:09:00.000Z,-0.63316822,"[0.36310255, 0.25748377, 0.08019097, 0.19569616, 0.273624, 0.15512312, -0.04421824, -0.25875493, -0.33536087, -0.29947208, -0.45104083, -0.4399503]","[2026-04-24 21:09:00, 2026-04-24 21:15:00, 2026-04-24 21:19:00, 2026-04-24 21:24:00, 2026-04-24 21:29:00, 2026-04-24 21:34:00, 2026-04-24 21:39:00, 2026-04-24 21:44:00, 2026-04-24 21:49:00, 2026-04-24 21:54:00, 2026-04-24 21:59:00, 2026-04-24 22:04:00]",-0.041964723333333336,0.28704292001825593,2.0596344847281585,95ad503200317707ab5faffca74500817a95bdaa1038f21bde59853a370376c9
32196,fe41e1441ff7519f3d321c3d01ec2b9c28dac1d66e82d05209a486e34d3f2198,2026-04-24T21:49:00.000Z,-0.36637246,"[0.40137227, 0.49162582, 0.32381511, 0.20935854, 0.17726197, 0.10126902, 0.29334732, 0.3489813, 0.13738551, 0.08738978, -0.24195777]","[2026-04-24 20:54:00, 2026-04-24 20:59:00, 2026-04-24 21:04:00, 2026-04-24 21:09:00, 2026-04-24 21:14:00, 2026-04-24 21:19:00, 2026-04-24 21:24:00, 2026-04-24 21:29:00, 2026-04-24 21:34:00, 2026-04-24 21:39:00, 2026-04-24 21:45:00]",0.21180444272727275,0.18891644641636202,3.0604900404118385,fe41e1441ff7519f3d321c3d01ec2b9c28dac1d66e82d05209a486e34d3f2198
32196,8ad84596f071a7992547b2604b6247fe8f979175749c4e5bf72c9c314518a20e,2026-04-24T21:55:00.000Z,-0.44196314,"[0.49162582, 0.32381511, 0.20935854, 0.17726197, 0.10126902, 0.29334732, 0.3489813, 0.13738551, 0.08738978, -0.24195777, -0.36637246]","[2026-04-24 20:59:00, 2026-04-24 21:04:00, 2026-04-24 21:09:00, 2026-04-24 21:14:00, 2026-04-24 21:19:00, 2026-04-24 21:24:00, 2026-04-24 21:29:00, 2026-04-24 21:34:00, 2026-04-24 21:39:00, 2026-04-24 21:45:00, 2026-04-24 21:49:00]",0.14200946727272726,0.24070946389921855,2.426047558799881,8ad84596f071a7992547b2604b6247fe8f979175749c4e5bf72c9c314518a20e
32196,ff28222b28a93be83682cd7081c725fcfd3eb21f4e246b7d511101e313fc3daf,2026-04-24T21:59:00.000Z,-0.5012182,"[0.49162582, 0.32381511, 0.20935854, 0.17726197, 0.10126902, 0.29334732, 0.3489813, 0.13738551, 0.08738978, -0.24195777, -0.36637246, -0.44196314]","[2026-04-24 20:59:00, 2026-04-24 21:04:00, 2026-04-24 21:09:00, 2026-04-24 21:14:00, 2026-04-24 21:19:00, 2026-04-24 21:24:00, 2026-04-24 21:29:00, 2026-04-24 21:34:00, 2026-04-24 21:39:00, 2026-04-24 21:45:00, 2026-04-24 21:49:00, 2026-04-24 21:55:00]",0.09334508333333334,0.2813593261577976,2.1131813594118376,ff28222b28a93be83682cd7081c725fcfd3eb21f4e246b7d511101e313fc3daf
7326,fcd530157d30c07c3bde3300df8fc2c252d11f5c17ea9dea739e38103d4c387e,2026-04-24T22:04:00.000Z,-2.08293926,"[-1.15417993, -1.19992279, -1.6950478, -1.8708423, -1.34346048, -1.02536676, -1.42979145, -1.57522197, -1.5099062, -1.53208988, -1.63949678, -1.95586782]","[2026-04-24 21:04:00, 2026-04-24 21:09:00, 2026-04-24 21:14:00, 2026-04-24 21:19:00, 2026-04-24 21:24:00, 2026-04-24 21:29:00, 2026-04-24 21:34:00, 2026-04-24 21:39:00, 2026-04-24 21:44:00, 2026-04-24 21:49:00, 2026-04-24 21:54:00, 2026-04-24 21:59:00]",-1.49426618,0.2698120675374647,2.181789292720422,fcd530157d30c07c3bde3300df8fc2c252d11f5c17ea9dea739e38103d4c387e
7326,606aa1785fe487f9c5ea33ba925db65ee79376a8de578694b09b5e3750aa2e24,2026-04-24T22:09:00.000Z,-2.52735467,"[-1.19992279, -1.6950478, -1.8708423, -1.34346048, -1.02536676, -1.42979145, -1.57522197, -1.5099062, -1.53208988, -1.63949678, -1.95586782, -2.08293926]","[2026-04-24 21:09:00, 2026-04-24 21:14:00, 2026-04-24 21:19:00, 2026-04-24 21:24:00, 2026-04-24 21:29:00, 2026-04-24 21:34:00, 2026-04-24 21:39:00, 2026-04-24 21:44:00, 2026-04-24 21:49:00, 2026-04-24 21:54:00, 2026-04-24 21:59:00, 2026-04-24 22:04:00]",-1.5716627908333332,0.29333955505549697,3.257971394228982,606aa1785fe487f9c5ea33ba925db65ee79376a8de578694b09b5e3750aa2e24
3077,ff7b5dfd0f9250bb2dd7cac102cc149064aa08120227838371777bfb25fe3866,2026-04-24T21:50:00.000Z,-0.26763778,"[0.05954032, 0.07003044, 0.04279816, 0.09500114, 0.2411665, -0.05384992, 0.01075366, 0.29898033, 0.2202622, -0.0107254, -0.13697384]","[2026-04-24 20:54:00, 2026-04-24 20:59:00, 2026-04-24 21:04:00, 2026-04-24 21:09:00, 2026-04-24 21:14:00, 2026-04-24 21:19:00, 2026-04-24 21:24:00, 2026-04-24 21:29:00, 2026-04-24 21:34:00, 2026-04-24 21:39:00, 2026-04-24 21:45:00]",0.07608941727272728,0.1256180701527641,2.7362878354580733,ff7b5dfd0f9250bb2dd7cac102cc149064aa08120227838371777bfb25fe3866
3077,1bad151ae84af03a07dae2f58f5a6431b4705cffa83e17f3613c64b3ae4ec4fb,2026-04-24T21:59:00.000Z,-0.32581397,"[0.07003044, 0.04279816, 0.09500114, 0.2411665, -0.05384992, 0.01075366, 0.29898033, 0.2202622, -0.0107254, -0.13697384, -0.26763778, -0.1780812]","[2026-04-24 20:59:00, 2026-04-24 21:04:00, 2026-04-24 21:09:00, 2026-04-24 21:14:00, 2026-04-24 21:19:00, 2026-04-24 21:24:00, 2026-04-24 21:29:00, 2026-04-24 21:34:00, 2026-04-24 21:39:00, 2026-04-24 21:45:00, 2026-04-24 21:50:00, 2026-04-24 21:54:00]",0.027643690833333335,0.16530079913203855,2.1382695225266235,1bad151ae84af03a07dae2f58f5a6431b4705cffa83e17f3613c64b3ae4ec4fb
3077,5afa1274d8d2af0e7841b49e7493d74a641ac5ecbe3dfe0dc0169835df78d04e,2026-04-24T22:09:00.000Z,-0.60284164,"[0.09500114, 0.2411665, -0.05384992, 0.01075366, 0.29898033, 0.2202622, -0.0107254, -0.13697384, -0.26763778, -0.1780812, -0.32581397, -0.38139738]","[2026-04-24 21:09:00, 2026-04-24 21:14:00, 2026-04-24 21:19:00, 2026-04-24 21:24:00, 2026-04-24 21:29:00, 2026-04-24 21:34:00, 2026-04-24 21:39:00, 2026-04-24 21:45:00, 2026-04-24 21:50:00, 2026-04-24 21:54:00, 2026-04-24 21:59:00, 2026-04-24 22:04:00]",-0.04069297166666667,0.2164243667377879,2.5974370483634717,5afa1274d8d2af0e7841b49e7493d74a641ac5ecbe3dfe0dc0169835df78d04e
2634,0a6ad5d7e28bb61d65dd6c42ebcb6338eacf89788ed7e4ebc9fadf5c8c12ebdc,2026-04-24T21:49:00.000Z,-0.81655525,"[-1.98807114, -2.1791486, -2.15219905, -1.79534122, -1.64419939, -1.57206498, -1.63482524, -1.51042216, -1.60999138, -1.77840973, -2.08154632]","[2026-04-24 20:54:00, 2026-04-24 20:59:00, 2026-04-24 21:04:00, 2026-04-24 21:09:00, 2026-04-24 21:14:00, 2026-04-24 21:19:00, 2026-04-24 21:24:00, 2026-04-24 21:29:00, 2026-04-24 21:34:00, 2026-04-24 21:39:00, 2026-04-24 21:44:00]",-1.8132926554545454,0.23441428438729817,4.25203356553025,0a6ad5d7e28bb61d65dd6c42ebcb6338eacf89788ed7e4ebc9fadf5c8c12ebdc
2634,1cca7775b032c85e5269a632febd28a906da04df8a61cc73fa8388668289f22a,2026-04-24T21:54:00.000Z,0.00907885,"[-1.98807114, -2.1791486, -2.15219905, -1.79534122, -1.64419939, -1.57206498, -1.63482524, -1.51042216, -1.60999138, -1.77840973, -2.08154632, -0.81655525]","[2026-04-24 20:54:00, 2026-04-24 20:59:00, 2026-04-24 21:04:00, 2026-04-24 21:09:00, 2026-04-24 21:14:00, 2026-04-24 21:19:00, 2026-04-24 21:24:00, 2026-04-24 21:29:00, 2026-04-24 21:34:00, 2026-04-24 21:39:00, 2026-04-24 21:44:00, 2026-04-24 21:49:00]",-1.730231205,0.3553338365520754,4.894861890657852,1cca7775b032c85e5269a632febd28a906da04df8a61cc73fa8388668289f22a
2634,5f2dc001524961e36e65be90ffec4c750fb5beb6dc337fe6e79ca577c8b86a20,2026-04-24T21:59:00.000Z,0.24425749,"[-2.1791486, -2.15219905, -1.79534122, -1.64419939, -1.57206498, -1.63482524, -1.51042216, -1.60999138, -1.77840973, -2.08154632, -0.81655525, 0.00907885]","[2026-04-24 20:59:00, 2026-04-24 21:04:00, 2026-04-24 21:09:00, 2026-04-24 21:14:00, 2026-04-24 21:19:00, 2026-04-24 21:24:00, 2026-04-24 21:29:00, 2026-04-24 21:34:00, 2026-04-24 21:39:00, 2026-04-24 21:44:00, 2026-04-24 21:49:00, 2026-04-24 21:54:00]",-1.5638020391666665,0.5874719605542431,3.0776950230286317,5f2dc001524961e36e65be90ffec4c750fb5beb6dc337fe6e79ca577c8b86a20
2634,f63f89b181e9e6a959279c5d8f4c085fc56ed36183266155b1c1b37c789ae1bb,2026-04-24T22:04:00.000Z,0.32888405,"[-2.15219905, -1.79534122, -1.64419939, -1.57206498, -1.63482524, -1.51042216, -1.60999138, -1.77840973, -2.08154632, -0.81655525, 0.00907885, 0.24425749]","[2026-04-24 21:04:00, 2026-04-24 21:09:00, 2026-04-24 21:14:00, 2026-04-24 21:19:00, 2026-04-24 21:24:00, 2026-04-24 21:29:00, 2026-04-24 21:34:00, 2026-04-24 21:39:00, 2026-04-24 21:44:00, 2026-04-24 21:49:00, 2026-04-24 21:54:00, 2026-04-24 21:59:00]",-1.3618515316666668,0.7383822087609415,2.2897837483162586,f63f89b181e9e6a959279c5d8f4c085fc56ed36183266155b1c1b37c789ae1bb
3957,2e7ba9af004a6488d3033d3036c7268d880bb381965b1f907c737d1801b96bed,2026-04-24T22:00:00.000Z,0.12125152,"[0.00103001, -0.01619361, -0.01089603, -0.01445955, -0.01693288, 0.0058934, -0.04305454, -4.9992E-4, 0.00518062, 0.00546299, 0.00968144, 0.00329881]","[2026-04-24 21:00:00, 2026-04-24 21:05:00, 2026-04-24 21:10:00, 2026-04-24 21:15:00, 2026-04-24 21:20:00, 2026-04-24 21:25:00, 2026-04-24 21:30:00, 2026-04-24 21:35:00, 2026-04-24 21:40:00, 2026-04-24 21:45:00, 2026-04-24 21:50:00, 2026-04-24 21:55:00]",-0.005957438333333333,0.014439230582965536,8.80995407632081,2e7ba9af004a6488d3033d3036c7268d880bb381965b1f907c737d1801b96bed
3957,60a9991c3e52885b275b97b5978bd947b236c42a1ccf1676cb018c57d0562f0b,2026-04-24T22:05:00.000Z,0.15320327,"[-0.01619361, -0.01089603, -0.01445955, -0.01693288, 0.0058934, -0.04305454, -4.9992E-4, 0.00518062, 0.00546299, 0.00968144, 0.00329881, 0.12125152]","[2026-04-24 21:05:00, 2026-04-24 21:10:00, 2026-04-24 21:15:00, 2026-04-24 21:20:00, 2026-04-24 21:25:00, 2026-04-24 21:30:00, 2026-04-24 21:35:00, 2026-04-24 21:40:00, 2026-04-24 21:45:00, 2026-04-24 21:50:00, 2026-04-24 21:55:00, 2026-04-24 22:00:00]",0.004061020833333333,0.038112505510098316,3.9132103012002144,60a9991c3e52885b275b97b5978bd947b236c42a1ccf1676cb018c57d0562f0b
3957,088fcc8b0e795b5ffca671ad6b2c9256d5f39ecff6532b4f2a6d1b5e286f9420,2026-04-24T22:10:00.000Z,0.14708577,"[-0.01089603, -0.01445955, -0.01693288, 0.0058934, -0.04305454, -4.9992E-4, 0.00518062, 0.00546299, 0.00968144, 0.00329881, 0.12125152, 0.15320327]","[2026-04-24 21:10:00, 2026-04-24 21:15:00, 2026-04-24 21:20:00, 2026-04-24 21:25:00, 2026-04-24 21:30:00, 2026-04-24 21:35:00, 2026-04-24 21:40:00, 2026-04-24 21:45:00, 2026-04-24 21:50:00, 2026-04-24 21:55:00, 2026-04-24 22:00:00, 2026-04-24 22:05:00]",0.0181774275,0.05543212221961215,2.3255169987771387,088fcc8b0e795b5ffca671ad6b2c9256d5f39ecff6532b4f2a6d1b5e286f9420
27772,e27e74e552f2d57c2153707f36727d1e3eb654aad7d037e82a27bd61571f8e8f,2026-04-24T22:04:00.000Z,-0.01135829,"[4.5281E-4, 0.00563086, -0.00382851, -0.00286441, -0.00385887, 0.00937469, -0.00176685, -0.00946648, -0.00277873, -0.00271113, -0.00569109, -0.00317279]","[2026-04-24 21:04:00, 2026-04-24 21:09:00, 2026-04-24 21:14:00, 2026-04-24 21:20:00, 2026-04-24 21:24:00, 2026-04-24 21:29:00, 2026-04-24 21:34:00, 2026-04-24 21:39:00, 2026-04-24 21:44:00, 2026-04-24 21:49:00, 2026-04-24 21:55:00, 2026-04-24 22:00:00]",-0.001723375,0.004762457863893216,2.023097164396463,e27e74e552f2d57c2153707f36727d1e3eb654aad7d037e82a27bd61571f8e8f
2280,ea2db1191ce3167f261a6c4d7af09199a2afd0cb0b38c923b871c7a615454f08,2026-04-24T21:50:00.000Z,-0.12489075,"[0.1324822, 0.14337097, 0.15017005, 0.22381044, 0.45114864, 0.07771241, 0.17744849, 0.34223413, 0.39241336, 0.09516718, -0.09558727]","[2026-04-24 20:54:00, 2026-04-24 20:59:00, 2026-04-24 21:04:00, 2026-04-24 21:09:00, 2026-04-24 21:14:00, 2026-04-24 21:19:00, 2026-04-24 21:24:00, 2026-04-24 21:29:00, 2026-04-24 21:34:00, 2026-04-24 21:39:00, 2026-04-24 21:45:00]",0.19003369090909092,0.14889792985416545,2.1150357242544353,ea2db1191ce3167f261a6c4d7af09199a2afd0cb0b38c923b871c7a615454f08
2280,a5a57ba2bf23bad5e2ea1ab169e1d2443c07970fbf7b9b7de1fe17176c855867,2026-04-24T22:04:00.000Z,-0.30472822,"[0.15017005, 0.22381044, 0.45114864, 0.07771241, 0.17744849, 0.34223413, 0.39241336, 0.09516718, -0.09558727, -0.12489075, -0.03271158, -0.18266865]","[2026-04-24 21:04:00, 2026-04-24 21:09:00, 2026-04-24 21:14:00, 2026-04-24 21:19:00, 2026-04-24 21:24:00, 2026-04-24 21:29:00, 2026-04-24 21:34:00, 2026-04-24 21:39:00, 2026-04-24 21:45:00, 2026-04-24 21:50:00, 2026-04-24 21:54:00, 2026-04-24 21:59:00]",0.12285387083333334,0.19831147647983943,2.156113697619521,a5a57ba2bf23bad5e2ea1ab169e1d2443c07970fbf7b9b7de1fe17176c855867
2280,af7c4b7e368bfd0e77f9e9ba2db5487bb8eb2f30f31278e44e0b70ad84f5f341,2026-04-24T22:09:00.000Z,-0.65238073,"[0.22381044, 0.45114864, 0.07771241, 0.17744849, 0.34223413, 0.39241336, 0.09516718, -0.09558727, -0.12489075, -0.03271158, -0.18266865, -0.30472822]","[2026-04-24 21:09:00, 2026-04-24 21:14:00, 2026-04-24 21:19:00, 2026-04-24 21:24:00, 2026-04-24 21:29:00, 2026-04-24 21:34:00, 2026-04-24 21:39:00, 2026-04-24 21:45:00, 2026-04-24 21:50:00, 2026-04-24 21:54:00, 2026-04-24 21:59:00, 2026-04-24 22:04:00]",0.08494568166666666,0.23035573965965425,3.200816323292187,af7c4b7e368bfd0e77f9e9ba2db5487bb8eb2f30f31278e44e0b70ad84f5f341
4269,0a08b748bc0455b8dc210eec060105357c5e828e02ca9e321b3c43332a2e3edc,2026-04-24T21:49:00.000Z,-0.37592915,"[0.5125829, 0.31597935, 0.41388717, 0.49325718, 0.13409385, 0.31555742, -0.21526424, -0.02931921, 0.12737341, 0.10406659, -0.04307667]","[2026-04-24 20:54:00, 2026-04-24 20:59:00, 2026-04-24 21:04:00, 2026-04-24 21:09:00, 2026-04-24 21:15:00, 2026-04-24 21:19:00, 2026-04-24 21:24:00, 2026-04-24 21:29:00, 2026-04-24 21:34:00, 2026-04-24 21:39:00, 2026-04-24 21:44:00]",0.19355797727272728,0.22537710078408058,2.5268189416382483,0a08b748bc0455b8dc210eec060105357c5e828e02ca9e321b3c43332a2e3edc
4269,bde26071b170a3c6e678f47c5b2b9e72d51baaaacb897f82474a542d47bfb693,2026-04-24T21:54:00.000Z,-0.42400085,"[0.5125829, 0.31597935, 0.41388717, 0.49325718, 0.13409385, 0.31555742, -0.21526424, -0.02931921, 0.12737341, 0.10406659, -0.04307667, -0.37592915]","[2026-04-24 20:54:00, 2026-04-24 20:59:00, 2026-04-24 21:04:00, 2026-04-24 21:09:00, 2026-04-24 21:15:00, 2026-04-24 21:19:00, 2026-04-24 21:24:00, 2026-04-24 21:29:00, 2026-04-24 21:34:00, 2026-04-24 21:39:00, 2026-04-24 21:44:00, 2026-04-24 21:49:00]",0.14610071666666666,0.26708807883274177,2.134507721790461,bde26071b170a3c6e678f47c5b2b9e72d51baaaacb897f82474a542d47bfb693
5805,5e5a66a76f0cd862299db089ffd7480fe20838025992bd8a9e0a855a806f6e4b,2026-04-24T21:49:00.000Z,-0.02671937,"[0.17294866, 0.29303507, 0.27511629, 0.30781219, 0.26595926, 0.13383213, 0.26004579, 0.38867296, 0.32664482, 0.15614152, 0.02520923]","[2026-04-24 20:54:00, 2026-04-24 20:59:00, 2026-04-24 21:04:00, 2026-04-24 21:09:00, 2026-04-24 21:15:00, 2026-04-24 21:19:00, 2026-04-24 21:24:00, 2026-04-24 21:29:00, 2026-04-24 21:34:00, 2026-04-24 21:39:00, 2026-04-24 21:44:00]",0.23685617454545452,0.09915880498573601,2.658115379500286,5e5a66a76f0cd862299db089ffd7480fe20838025992bd8a9e0a855a806f6e4b
5805,8da80ae484807937c660e23f540ecc61a23d6f982b0dadf1e4c5157868aee760,2026-04-24T21:59:00.000Z,-0.14023732,"[0.29303507, 0.27511629, 0.30781219, 0.26595926, 0.13383213, 0.26004579, 0.38867296, 0.32664482, 0.15614152, 0.02520923, -0.02671937, 0.00561773]","[2026-04-24 20:59:00, 2026-04-24 21:04:00, 2026-04-24 21:09:00, 2026-04-24 21:15:00, 2026-04-24 21:19:00, 2026-04-24 21:24:00, 2026-04-24 21:29:00, 2026-04-24 21:34:00, 2026-04-24 21:39:00, 2026-04-24 21:44:00, 2026-04-24 21:49:00, 2026-04-24 21:54:00]",0.20094730166666666,0.1327726453861226,2.569690621697346,8da80ae484807937c660e23f540ecc61a23d6f982b0dadf1e4c5157868aee760
5805,b9bcebf67fea5ab30ee46fe3503dc91f020c95a594571f87b43b577612092335,2026-04-24T22:09:00.000Z,-0.2977564,"[0.30781219, 0.26595926, 0.13383213, 0.26004579, 0.38867296, 0.32664482, 0.15614152, 0.02520923, -0.02671937, 0.00561773, -0.14023732, -0.11818849]","[2026-04-24 21:09:00, 2026-04-24 21:15:00, 2026-04-24 21:19:00, 2026-04-24 21:24:00, 2026-04-24 21:29:00, 2026-04-24 21:34:00, 2026-04-24 21:39:00, 2026-04-24 21:44:00, 2026-04-24 21:49:00, 2026-04-24 21:54:00, 2026-04-24 21:59:00, 2026-04-24 22:04:00]",0.13206587083333335,0.17293555877544725,2.485447607634283,b9bcebf67fea5ab30ee46fe3503dc91f020c95a594571f87b43b577612092335
6636,2b8bcaf601c27685aaa50305195f285fe348e87bcc87bf7b3c1f2fc2cc8003c4,2026-04-24T21:49:00.000Z,-0.10744274,"[0.44360634, 0.43576145, 0.3745043, 0.39972194, 0.381578, 0.21374712, 0.26510277, 0.58920332, 0.48990185, 0.24613889, -0.01643814]","[2026-04-24 20:54:00, 2026-04-24 20:59:00, 2026-04-24 21:04:00, 2026-04-24 21:09:00, 2026-04-24 21:15:00, 2026-04-24 21:19:00, 2026-04-24 21:24:00, 2026-04-24 21:29:00, 2026-04-24 21:34:00, 2026-04-24 21:39:00, 2026-04-24 21:45:00]",0.34752980363636365,0.15601489971468968,2.9162121340230263,2b8bcaf601c27685aaa50305195f285fe348e87bcc87bf7b3c1f2fc2cc8003c4
6636,767c46c0ed7a6400c16fc236a1c3f3c831277de8053254935b8a3a4e7768dff2,2026-04-24T22:05:00.000Z,-0.38841397,"[0.39972194, 0.381578, 0.21374712, 0.26510277, 0.58920332, 0.48990185, 0.24613889, -0.01643814, -0.10744274, -0.01920768, -0.13892046]","[2026-04-24 21:09:00, 2026-04-24 21:15:00, 2026-04-24 21:19:00, 2026-04-24 21:24:00, 2026-04-24 21:29:00, 2026-04-24 21:34:00, 2026-04-24 21:39:00, 2026-04-24 21:45:00, 2026-04-24 21:49:00, 2026-04-24 21:54:00, 2026-04-24 22:00:00]",0.20939862454545455,0.23707532326252892,2.5216145920149513,767c46c0ed7a6400c16fc236a1c3f3c831277de8053254935b8a3a4e7768dff2
6636,c92f1214d028ca5fefc32b74ff7b245bd45003bf18889754f894cf3255ba5984,2026-04-24T22:10:00.000Z,-0.8857843,"[0.381578, 0.21374712, 0.26510277, 0.58920332, 0.48990185, 0.24613889, -0.01643814, -0.10744274, -0.01920768, -0.13892046, -0.38841397]","[2026-04-24 21:15:00, 2026-04-24 21:19:00, 2026-04-24 21:24:00, 2026-04-24 21:29:00, 2026-04-24 21:34:00, 2026-04-24 21:39:00, 2026-04-24 21:45:00, 2026-04-24 21:49:00, 2026-04-24 21:54:00, 2026-04-24 22:00:00, 2026-04-24 22:05:00]",0.13774990545454546,0.28331476283950713,3.612710453900208,c92f1214d028ca5fefc32b74ff7b245bd45003bf18889754f894cf3255ba5984
22974,06cfc1866abd4a5f99cea63f7579caf6f1b1e9e3beb40ec2bde48f4a585c2f19,2026-04-24T21:49:00.000Z,-1.01068832,"[0.44139764, 0.28244816, 0.22879321, 0.5363089, 0.67964305, 0.4813423, 0.1659367, 0.08199708, -0.09200889, -0.31285897, -0.76561386]","[2026-04-24 20:54:00, 2026-04-24 20:59:00, 2026-04-24 21:04:00, 2026-04-24 21:09:00, 2026-04-24 21:15:00, 2026-04-24 21:19:00, 2026-04-24 21:25:00, 2026-04-24 21:30:00, 2026-04-24 21:35:00, 2026-04-24 21:39:00, 2026-04-24 21:45:00]",0.15703502909090908,0.4004198879312317,2.916247130291027,06cfc1866abd4a5f99cea63f7579caf6f1b1e9e3beb40ec2bde48f4a585c2f19
22974,afd0e89166f7b2b5d8822fe45b62a546315dcab06c0857d76ca0cae057d23a4e,2026-04-24T21:55:00.000Z,-1.30242573,"[0.28244816, 0.22879321, 0.5363089, 0.67964305, 0.4813423, 0.1659367, 0.08199708, -0.09200889, -0.31285897, -0.76561386, -1.01068832]","[2026-04-24 20:59:00, 2026-04-24 21:04:00, 2026-04-24 21:09:00, 2026-04-24 21:15:00, 2026-04-24 21:19:00, 2026-04-24 21:25:00, 2026-04-24 21:30:00, 2026-04-24 21:35:00, 2026-04-24 21:39:00, 2026-04-24 21:45:00, 2026-04-24 21:49:00]",0.025027214545454538,0.5094315891780116,2.6057531035469426,afd0e89166f7b2b5d8822fe45b62a546315dcab06c0857d76ca0cae057d23a4e
36341,e2da91a9d0589ffd9428aa13b500d96757ba7b99efd557979530d2325910742b,2026-04-24T22:10:00.000Z,-0.13017162,"[0.15147959, 0.11445505, 0.1835421, 0.18195678, 0.11664692, 0.01686699, -0.01462483, -0.03081705, 0.0071763, 0.0713335, -0.02550835]","[2026-04-24 21:15:00, 2026-04-24 21:19:00, 2026-04-24 21:25:00, 2026-04-24 21:30:00, 2026-04-24 21:35:00, 2026-04-24 21:39:00, 2026-04-24 21:45:00, 2026-04-24 21:49:00, 2026-04-24 21:55:00, 2026-04-24 21:59:00, 2026-04-24 22:05:00]",0.07022790909090909,0.07945019279878117,2.5223290470603286,e2da91a9d0589ffd9428aa13b500d96757ba7b99efd557979530d2325910742b
2,b7f2066fb9916f43becb7c1ad0f11803efab706be99b7de457954f179d5b64e1,2026-04-24T21:49:00.000Z,-0.17365151,"[-0.05579064, -0.01054223, -0.02572402, 0.02024255, 0.11087124, -0.08185935, 0.00824707, 0.13675546, 0.01146441, -0.03074358, -0.10234551]","[2026-04-24 20:54:00, 2026-04-24 20:59:00, 2026-04-24 21:04:00, 2026-04-24 21:09:00, 2026-04-24 21:14:00, 2026-04-24 21:19:00, 2026-04-24 21:24:00, 2026-04-24 21:29:00, 2026-04-24 21:34:00, 2026-04-24 21:39:00, 2026-04-24 21:44:00]",-0.0017658727272727279,0.06978901818992364,2.4629324459753565,b7f2066fb9916f43becb7c1ad0f11803efab706be99b7de457954f179d5b64e1
2,c806020fec65bc1e6bb841c6687c336e0141faf9e271dabfcbdb83e097a76318,2026-04-24T22:09:00.000Z,-0.29395413,"[0.02024255, 0.11087124, -0.08185935, 0.00824707, 0.13675546, 0.01146441, -0.03074358, -0.10234551, -0.17365151, -0.15666406, -0.16790601, -0.19705852]","[2026-04-24 21:09:00, 2026-04-24 21:14:00, 2026-04-24 21:19:00, 2026-04-24 21:24:00, 2026-04-24 21:29:00, 2026-04-24 21:34:00, 2026-04-24 21:39:00, 2026-04-24 21:44:00, 2026-04-24 21:49:00, 2026-04-24 21:54:00, 2026-04-24 21:59:00, 2026-04-24 22:04:00]",-0.0518873175,0.10768002685890275,2.2480196147906737,c806020fec65bc1e6bb841c6687c336e0141faf9e271dabfcbdb83e097a76318
131,dbc6891107f74111cbc37b538fb744e441e9919f836cd3b042951a6a8ca1ccae,2026-04-24T21:49:00.000Z,-0.46625736,"[0.16327295, 0.33124069, 0.20740006, 0.40293701, 0.69714468, 0.22666322, 0.24973355, 0.32877264, 0.22492806, -0.02530074, -0.42766371]","[2026-04-24 20:54:00, 2026-04-24 20:59:00, 2026-04-24 21:04:00, 2026-04-24 21:09:00, 2026-04-24 21:14:00, 2026-04-24 21:19:00, 2026-04-24 21:24:00, 2026-04-24 21:29:00, 2026-04-24 21:34:00, 2026-04-24 21:39:00, 2026-04-24 21:45:00]",0.2162844009090909,0.2644303191285324,2.581178146131291,dbc6891107f74111cbc37b538fb744e441e9919f836cd3b042951a6a8ca1ccae
2010,70ed7b0a78d9b827d296e90e457604f2feb0b22be053b35bf39362bf789badd2,2026-04-24T21:50:00.000Z,-0.08727282,"[0.17131467, 0.25263818, 0.25622358, 0.3734803, 0.37431195, 0.23904488, 0.36984733, 0.41379985, 0.24506054, 0.04591884, -0.01416262]","[2026-04-24 20:55:00, 2026-04-24 21:00:00, 2026-04-24 21:05:00, 2026-04-24 21:10:00, 2026-04-24 21:15:00, 2026-04-24 21:20:00, 2026-04-24 21:25:00, 2026-04-24 21:30:00, 2026-04-24 21:35:00, 2026-04-24 21:40:00, 2026-04-24 21:45:00]",0.2479525,0.13130845041031775,2.5529607496888045,70ed7b0a78d9b827d296e90e457604f2feb0b22be053b35bf39362bf789badd2
2010,9cc64d539c4f00a7f7562814bd7e23c602ed5abbd851ce377e730f287b46ca74,2026-04-24T21:55:00.000Z,-0.10500195,"[0.17131467, 0.25263818, 0.25622358, 0.3734803, 0.37431195, 0.23904488, 0.36984733, 0.41379985, 0.24506054, 0.04591884, -0.01416262, -0.08727282]","[2026-04-24 20:55:00, 2026-04-24 21:00:00, 2026-04-24 21:05:00, 2026-04-24 21:10:00, 2026-04-24 21:15:00, 2026-04-24 21:20:00, 2026-04-24 21:25:00, 2026-04-24 21:30:00, 2026-04-24 21:35:00, 2026-04-24 21:40:00, 2026-04-24 21:45:00, 2026-04-24 21:50:00]",0.22001705666666668,0.15617093943258978,2.0811746913193097,9cc64d539c4f00a7f7562814bd7e23c602ed5abbd851ce377e730f287b46ca74
2010,435cee370d90ecf3b9d3c75f97c07dcd72b0929f710f4e19afc6250e158ae96c,2026-04-24T22:00:00.000Z,-0.2437639,"[0.25263818, 0.25622358, 0.3734803, 0.37431195, 0.23904488, 0.36984733, 0.41379985, 0.24506054, 0.04591884, -0.01416262, -0.08727282, -0.10500195]","[2026-04-24 21:00:00, 2026-04-24 21:05:00, 2026-04-24 21:10:00, 2026-04-24 21:15:00, 2026-04-24 21:20:00, 2026-04-24 21:25:00, 2026-04-24 21:30:00, 2026-04-24 21:35:00, 2026-04-24 21:40:00, 2026-04-24 21:45:00, 2026-04-24 21:50:00, 2026-04-24 21:55:00]",0.19699067166666664,0.18017935676075425,2.446199051825395,435cee370d90ecf3b9d3c75f97c07dcd72b0929f710f4e19afc6250e158ae96c
2010,2d175299956c8abee897c243005966f19f3904e1b6c3ac073f5a66ce92ebd8db,2026-04-24T22:05:00.000Z,-0.36052293,"[0.25622358, 0.3734803, 0.37431195, 0.23904488, 0.36984733, 0.41379985, 0.24506054, 0.04591884, -0.01416262, -0.08727282, -0.10500195, -0.2437639]","[2026-04-24 21:05:00, 2026-04-24 21:10:00, 2026-04-24 21:15:00, 2026-04-24 21:20:00, 2026-04-24 21:25:00, 2026-04-24 21:30:00, 2026-04-24 21:35:00, 2026-04-24 21:40:00, 2026-04-24 21:45:00, 2026-04-24 21:50:00, 2026-04-24 21:55:00, 2026-04-24 22:00:00]",0.15562383166666666,0.21606491483559617,2.3888504159011785,2d175299956c8abee897c243005966f19f3904e1b6c3ac073f5a66ce92ebd8db
2010,4153fbd0a50f6c343ae7d1608c2252eeb5ade26eedfca92d5933f58dbc55819e,2026-04-24T22:10:00.000Z,-0.50802366,"[0.3734803, 0.37431195, 0.23904488, 0.36984733, 0.41379985, 0.24506054, 0.04591884, -0.01416262, -0.08727282, -0.10500195, -0.2437639, -0.36052293]","[2026-04-24 21:10:00, 2026-04-24 21:15:00, 2026-04-24 21:20:00, 2026-04-24 21:25:00, 2026-04-24 21:30:00, 2026-04-24 21:35:00, 2026-04-24 21:40:00, 2026-04-24 21:45:00, 2026-04-24 21:50:00, 2026-04-24 21:55:00, 2026-04-24 22:00:00, 2026-04-24 22:05:00]",0.10422828916666665,0.25573386521648933,2.3940980544300223,4153fbd0a50f6c343ae7d1608c2252eeb5ade26eedfca92d5933f58dbc55819e
28321,b72549c1d77f065f5dfca5c0e7b7c55ae87b3b2b68e47a166616659cce644672,2026-04-24T21:49:00.000Z,-0.45045922,"[-0.04496408, -0.02754559, -0.04706281, -0.05361704, -0.01154388, -0.38593526, -0.30862903, -0.03503435, 0.10002705, -0.09776779, -0.31517766]","[2026-04-24 20:54:00, 2026-04-24 20:59:00, 2026-04-24 21:04:00, 2026-04-24 21:09:00, 2026-04-24 21:14:00, 2026-04-24 21:19:00, 2026-04-24 21:24:00, 2026-04-24 21:29:00, 2026-04-24 21:34:00, 2026-04-24 21:39:00, 2026-04-24 21:44:00]",-0.11156822181818181,0.1462897350954973,2.3165740095201595,b72549c1d77f065f5dfca5c0e7b7c55ae87b3b2b68e47a166616659cce644672
28321,132ed88550e74abbb235d9e0ebe0b5ff55b5000807a20995f877983c9509e445,2026-04-24T22:09:00.000Z,-0.60723516,"[-0.05361704, -0.01154388, -0.38593526, -0.30862903, -0.03503435, 0.10002705, -0.09776779, -0.31517766, -0.45045922, -0.38857525, -0.37840826, -0.42807919]","[2026-04-24 21:09:00, 2026-04-24 21:14:00, 2026-04-24 21:19:00, 2026-04-24 21:24:00, 2026-04-24 21:29:00, 2026-04-24 21:34:00, 2026-04-24 21:39:00, 2026-04-24 21:44:00, 2026-04-24 21:49:00, 2026-04-24 21:54:00, 2026-04-24 22:00:00, 2026-04-24 22:04:00]",-0.22943332333333333,0.18619150209384094,2.029103543491763,132ed88550e74abbb235d9e0ebe0b5ff55b5000807a20995f877983c9509e445
39064,cbf698063889e415559ca95477fe1f03a67aed13c7ff4183e4bff617cc76e941,2026-04-24T21:49:00.000Z,-0.05982025,"[0.44688356, 0.48563786, 0.49239014, 0.22215673, 0.46065092, 0.41666528, 0.58841834, 0.68620208, 0.29239223, 0.07104083, 0.04444546]","[2026-04-24 20:54:00, 2026-04-24 20:59:00, 2026-04-24 21:04:00, 2026-04-24 21:09:00, 2026-04-24 21:14:00, 2026-04-24 21:19:00, 2026-04-24 21:24:00, 2026-04-24 21:29:00, 2026-04-24 21:34:00, 2026-04-24 21:39:00, 2026-04-24 21:44:00]",0.3824439481818182,0.1939746185627895,2.280010660459979,cbf698063889e415559ca95477fe1f03a67aed13c7ff4183e4bff617cc76e941
33251,8c4f553161c33c0ea3cfbfa9cdb380d67f5efea78a438bbe4fdf2f68180c4834,2026-04-24T21:49:00.000Z,-0.66599559,"[0.50317325, 0.49464997, 0.25759735, 0.13414548, 0.18611462, -0.27484994, 0.0607817, 0.11301908, -0.20001038, -0.37518066, -0.62804518]","[2026-04-24 20:54:00, 2026-04-24 20:59:00, 2026-04-24 21:04:00, 2026-04-24 21:09:00, 2026-04-24 21:14:00, 2026-04-24 21:19:00, 2026-04-24 21:24:00, 2026-04-24 21:29:00, 2026-04-24 21:34:00, 2026-04-24 21:39:00, 2026-04-24 21:44:00]",0.024672299090909098,0.340770739749411,2.0267816702772024,8c4f553161c33c0ea3cfbfa9cdb380d67f5efea78a438bbe4fdf2f68180c4834
27075,96f9e96734a8bf29b273f05bb04a5451c31e7342d49e518f0444c5a5efe3a84f,2026-04-24T21:49:00.000Z,-0.10814192,"[0.13141649, 0.18071454, 0.19746297, 0.18872166, 0.21311949, 0.14186866, 0.19168578, 0.17437527, 0.01414315, -0.0155017, -0.11311859]","[2026-04-24 20:54:00, 2026-04-24 20:59:00, 2026-04-24 21:04:00, 2026-04-24 21:09:00, 2026-04-24 21:14:00, 2026-04-24 21:19:00, 2026-04-24 21:24:00, 2026-04-24 21:29:00, 2026-04-24 21:34:00, 2026-04-24 21:39:00, 2026-04-24 21:44:00]",0.11862615636363637,0.10254695914299984,2.2113583694608874,96f9e96734a8bf29b273f05bb04a5451c31e7342d49e518f0444c5a5efe3a84f
5690,23df34d009aa85a5aa8b4050484edb9e75949346b019de9f1378b72aea4f4cdb,2026-04-24T21:49:00.000Z,-0.71526624,"[0.407167, 0.56697974, 0.45107065, 0.37997581, 0.39135261, -0.02370444, 0.16539813, 0.29717907, 0.05885316, -0.20214777, -0.53052799]","[2026-04-24 20:54:00, 2026-04-24 20:59:00, 2026-04-24 21:04:00, 2026-04-24 21:09:00, 2026-04-24 21:14:00, 2026-04-24 21:19:00, 2026-04-24 21:24:00, 2026-04-24 21:29:00, 2026-04-24 21:34:00, 2026-04-24 21:39:00, 2026-04-24 21:44:00]",0.17832690636363638,0.3134079636519462,2.851213912853894,23df34d009aa85a5aa8b4050484edb9e75949346b019de9f1378b72aea4f4cdb
5690,d11125a4b278ead59a1a2d0e8f65c30f67e95aa890479bef09923092562b1f31,2026-04-24T21:54:00.000Z,-0.70083979,"[0.407167, 0.56697974, 0.45107065, 0.37997581, 0.39135261, -0.02370444, 0.16539813, 0.29717907, 0.05885316, -0.20214777, -0.53052799, -0.71526624]","[2026-04-24 20:54:00, 2026-04-24 20:59:00, 2026-04-24 21:04:00, 2026-04-24 21:09:00, 2026-04-24 21:14:00, 2026-04-24 21:19:00, 2026-04-24 21:24:00, 2026-04-24 21:29:00, 2026-04-24 21:34:00, 2026-04-24 21:39:00, 2026-04-24 21:44:00, 2026-04-24 21:49:00]",0.10386081083333333,0.38863397380126846,2.070587378047459,d11125a4b278ead59a1a2d0e8f65c30f67e95aa890479bef09923092562b1f31
5690,9b55194bbca9b0a81ce61a0d1a02bad988ba60de0fa2c21cf9291e2bcb812555,2026-04-24T21:59:00.000Z,-0.93800875,"[0.56697974, 0.45107065, 0.37997581, 0.39135261, -0.02370444, 0.16539813, 0.29717907, 0.05885316, -0.20214777, -0.53052799, -0.71526624, -0.70083979]","[2026-04-24 20:59:00, 2026-04-24 21:04:00, 2026-04-24 21:09:00, 2026-04-24 21:14:00, 2026-04-24 21:19:00, 2026-04-24 21:24:00, 2026-04-24 21:29:00, 2026-04-24 21:34:00, 2026-04-24 21:39:00, 2026-04-24 21:44:00, 2026-04-24 21:49:00, 2026-04-24 21:54:00]",0.011526911666666667,0.4345187196275956,2.1852583531509677,9b55194bbca9b0a81ce61a0d1a02bad988ba60de0fa2c21cf9291e2bcb812555
5994,435b2326fac970562b885dd03ace0d27a8314262578549369d5e5bf88752a5a5,2026-04-24T21:50:00.000Z,-0.05039538,"[0.22490567, 0.1446869, 0.0825113, 0.23581615, 0.34826368, 0.21681404, 0.36263235, 0.45594024, 0.35534376, 0.08799586, 0.02746472]","[2026-04-24 20:55:00, 2026-04-24 21:00:00, 2026-04-24 21:05:00, 2026-04-24 21:10:00, 2026-04-24 21:15:00, 2026-04-24 21:20:00, 2026-04-24 21:25:00, 2026-04-24 21:30:00, 2026-04-24 21:35:00, 2026-04-24 21:40:00, 2026-04-24 21:45:00]",0.23112497,0.1310011706347977,2.1489911016506604,435b2326fac970562b885dd03ace0d27a8314262578549369d5e5bf88752a5a5
5994,6ba86e79c375a1a7ba25db41fdbde1ba349cc43fc8e7de919633f1de999cb92c,2026-04-24T21:55:00.000Z,-0.09695946,"[0.22490567, 0.1446869, 0.0825113, 0.23581615, 0.34826368, 0.21681404, 0.36263235, 0.45594024, 0.35534376, 0.08799586, 0.02746472, -0.05039538]","[2026-04-24 20:55:00, 2026-04-24 21:00:00, 2026-04-24 21:05:00, 2026-04-24 21:10:00, 2026-04-24 21:15:00, 2026-04-24 21:20:00, 2026-04-24 21:25:00, 2026-04-24 21:30:00, 2026-04-24 21:35:00, 2026-04-24 21:40:00, 2026-04-24 21:45:00, 2026-04-24 21:50:00]",0.20766494083333334,0.14759844331458735,2.063872721096828,6ba86e79c375a1a7ba25db41fdbde1ba349cc43fc8e7de919633f1de999cb92c
5994,9fb7a5e45ffb869fa80e76069c554c3275df5dd842cd52c364dc3d465a7dc49e,2026-04-24T22:00:00.000Z,-0.22003508,"[0.1446869, 0.0825113, 0.23581615, 0.34826368, 0.21681404, 0.36263235, 0.45594024, 0.35534376, 0.08799586, 0.02746472, -0.05039538, -0.09695946]","[2026-04-24 21:00:00, 2026-04-24 21:05:00, 2026-04-24 21:10:00, 2026-04-24 21:15:00, 2026-04-24 21:20:00, 2026-04-24 21:25:00, 2026-04-24 21:30:00, 2026-04-24 21:35:00, 2026-04-24 21:40:00, 2026-04-24 21:45:00, 2026-04-24 21:50:00, 2026-04-24 21:55:00]",0.1808428466666667,0.16962932422435006,2.3632584077059073,9fb7a5e45ffb869fa80e76069c554c3275df5dd842cd52c364dc3d465a7dc49e
5994,ba7915e0330b7fea282d9221040dac3c5845a67777227bc3ec99044df8d26ad0,2026-04-24T22:05:00.000Z,-0.35144118,"[0.0825113, 0.23581615, 0.34826368, 0.21681404, 0.36263235, 0.45594024, 0.35534376, 0.08799586, 0.02746472, -0.05039538, -0.09695946, -0.22003508]","[2026-04-24 21:05:00, 2026-04-24 21:10:00, 2026-04-24 21:15:00, 2026-04-24 21:20:00, 2026-04-24 21:25:00, 2026-04-24 21:30:00, 2026-04-24 21:35:00, 2026-04-24 21:40:00, 2026-04-24 21:45:00, 2026-04-24 21:50:00, 2026-04-24 21:55:00, 2026-04-24 22:00:00]",0.15044934833333334,0.20281353800138247,2.4746401708642956,ba7915e0330b7fea282d9221040dac3c5845a67777227bc3ec99044df8d26ad0
5994,7328cea523a10e44faff9e2763cc2b7fe87c8de1b1e24e489d833468bd785658,2026-04-24T22:10:00.000Z,-0.6142249,"[0.23581615, 0.34826368, 0.21681404, 0.36263235, 0.45594024, 0.35534376, 0.08799586, 0.02746472, -0.05039538, -0.09695946, -0.22003508, -0.35144118]","[2026-04-24 21:10:00, 2026-04-24 21:15:00, 2026-04-24 21:20:00, 2026-04-24 21:25:00, 2026-04-24 21:30:00, 2026-04-24 21:35:00, 2026-04-24 21:40:00, 2026-04-24 21:45:00, 2026-04-24 21:50:00, 2026-04-24 21:55:00, 2026-04-24 22:00:00, 2026-04-24 22:05:00]",0.11428664166666667,0.24582948055808865,2.963483224277171,7328cea523a10e44faff9e2763cc2b7fe87c8de1b1e24e489d833468bd785658
74,22c3f1f085614e4b3b96fed1b24ce738d0baddd71c3e35170379bf3c5a274f66,2026-04-24T22:00:00.000Z,-0.06497596,"[0.57336843, 0.64352905, 0.90155732, 0.74858994, 0.72392408, 0.78947692, 0.64800279, 0.49121488, 0.33367044, 0.24218851, 0.2401076]","[2026-04-24 21:04:00, 2026-04-24 21:09:00, 2026-04-24 21:14:00, 2026-04-24 21:19:00, 2026-04-24 21:24:00, 2026-04-24 21:29:00, 2026-04-24 21:34:00, 2026-04-24 21:39:00, 2026-04-24 21:44:00, 2026-04-24 21:50:00, 2026-04-24 21:54:00]",0.57596636,0.2138704406755966,2.9968719285158034,22c3f1f085614e4b3b96fed1b24ce738d0baddd71c3e35170379bf3c5a274f66
74,7c378bd77f5c79ae248319fda702dfc268a3deb1d739cf5c9d6e19cad8745921,2026-04-24T22:05:00.000Z,-0.32648465,"[0.64352905, 0.90155732, 0.74858994, 0.72392408, 0.78947692, 0.64800279, 0.49121488, 0.33367044, 0.24218851, 0.2401076, -0.06497596]","[2026-04-24 21:09:00, 2026-04-24 21:14:00, 2026-04-24 21:19:00, 2026-04-24 21:24:00, 2026-04-24 21:29:00, 2026-04-24 21:34:00, 2026-04-24 21:39:00, 2026-04-24 21:44:00, 2026-04-24 21:50:00, 2026-04-24 21:54:00, 2026-04-24 22:00:00]",0.5179350518181818,0.28234449745060564,2.9907425483505574,7c378bd77f5c79ae248319fda702dfc268a3deb1d739cf5c9d6e19cad8745921
74,49e510b9dbbaa3a0a6dbb330ed59d71c04aafff8b45e5065ef4dec4298381a22,2026-04-24T22:10:00.000Z,-0.60430617,"[0.90155732, 0.74858994, 0.72392408, 0.78947692, 0.64800279, 0.49121488, 0.33367044, 0.24218851, 0.2401076, -0.06497596, -0.32648465]","[2026-04-24 21:14:00, 2026-04-24 21:19:00, 2026-04-24 21:24:00, 2026-04-24 21:29:00, 2026-04-24 21:34:00, 2026-04-24 21:39:00, 2026-04-24 21:44:00, 2026-04-24 21:50:00, 2026-04-24 21:54:00, 2026-04-24 22:00:00, 2026-04-24 22:05:00]",0.4297519881818182,0.3678728248940922,2.8109120549459337,49e510b9dbbaa3a0a6dbb330ed59d71c04aafff8b45e5065ef4dec4298381a22
